Glottocode,LanguageName,Source,consonant,tone,vowel
aari1239,Aari,gm,26,0,10
abar1238,Mungbam,gm,24,4,8
abau1245,Abau,ph,9,0,5
abid1235,abidji,aa,21,0,18
abid1235,Abidji,gm,21,2,15
abip1241,Abipon,saphon,13,0,10
abip1241,ABIPON,upsid,15,0,5
abis1238,Aʔɨwa,saphon,17,0,10
abkh1244,Abkhaz,ea,126,0,6
abua1244,Abua,gm,27,3,10
abuj1237,Abujmaria,ra,22,0,17
abur1243,Abure,gm,20,4,14
acat1239,TLAPANEC,upsid,20,0,10
acha1249,Achang,ea,36,0,23
acha1250,Achagua,saphon,19,0,10
ache1245,Asharon,gm,18,0,20
ache1246,ACHE,upsid,11,0,10
ache1246,Aché,saphon,22,0,12
achi1257,Acehnese,ph,21,0,34
achu1247,ACHUMAWI,upsid,17,0,6
achu1248,Achuar-Shiwiar,saphon,15,0,12
acol1236,Acholi,gm,17,3,9
adam1253,Adamawa Fulfulde; Adamawa Fulani,ph,27,0,9
adam1253,fulfulde,aa,24,0,10
adam1253,Fulfulde (Cameroon),gm,37,0,10
adam1253,fulfulde (fuunaangere),gm,29,0,10
adan1247,dangme,aa,23,4,12
adan1251,Adang,ph,18,0,22
adio1239,adioukrou,aa,21,3,7
adio1239,Adioukrou,gm,21,4,7
adny1235,Adnyamathanha,er,24,0,3
adyg1241,Adyghe,ea,56,0,3
adze1240,Adzera,spa,18,0,7
adze1240,ADZERA,upsid,18,0,7
afad1236,KOTOKO,upsid,27,0,9
afar1241,Afar,gm,17,0,10
afit1238,Afitti,gm,17,3,6
afri1274,Afrikaans,gm,16,0,23
aghe1239,Aghem,gm,28,2,19
aghe1239,AGHEM,upsid,25,0,10
aghu1254,Aghu Tharnggala,er,20,0,7
agua1253,Aguaruna,saphon,12,0,8
ahan1243,Ahanta,gm,24,2,14
ahan1244,Ahaan,gm,26,3,14
aheu1239,Aheu; Thavung,ph,20,4,23
aheu1239,So,ph,22,0,50
ahte1237,AHTNA,upsid,30,0,5
aika1237,Aikanã,saphon,15,0,10
aika1237,HUARI,upsid,22,0,10
ainu1240,Ainu,spa,12,0,5
ainu1240,AINU,upsid,11,0,5
ajab1235,adja,aa,51,5,26
ajas1235,aja,gm,38,0,10
ajyi1238,Ashéninka,saphon,20,0,6
akan1250,akan,aa,18,4,9
akan1250,Akan,gm,28,2,30
akan1250,Akan,spa,22,3,15
akan1250,AKAN,upsid,21,0,14
akas1242,Akasilimi,gm,20,3,29
akaw1239,AKAWAIO,upsid,13,0,10
akaw1239,Ingarikó,saphon,10,0,11
akha1245,Akha,ea,34,0,23
akha1245,Akha,ph,28,3,13
akla1241,Aklan,ph,17,0,3
akoo1248,Akoose,gm,18,2,12
akoo1248,akɔɔse,aa,22,4,18
akpe1248,Akpes,gm,21,3,10
akun1241,Akuntsú,saphon,11,0,11
akur1238,Akurio,saphon,10,0,14
alab1237,Alabama,spa,15,0,6
alab1237,ALABAMA,upsid,14,0,3
alab1254,Alaaba,gm,52,0,10
alam1246,ALAMBLAK,upsid,18,0,7
alaw1244,Alawa,er,22,0,4
alaw1244,Alawa,spa,23,0,5
alaw1244,ALAWA,upsid,22,0,4
aleu1260,Aleut,spa,30,0,6
aleu1260,ALEUT,upsid,24,0,3
alla1248,Alladian,gm,23,2,11
alla1248,ALLADIAN,upsid,25,0,11
alng1239,Alngith,er,24,0,4
alut1245,Alutor,ea,18,0,9
alya1239,Alyawarr,er,40,0,3
alya1239,Alyawarra,ph,25,0,7
amah1246,Amahuaca,saphon,15,0,8
amah1246,Amahuaca,spa,14,0,8
amah1246,AMAHUACA,upsid,14,0,8
aman1265,Amanab,ph,14,0,5
amar1271,Amurdak,er,21,0,3
amar1274,Amarakaeri,saphon,15,0,18
amas1236,NYIMANG,upsid,18,0,7
ambe1247,Ambele,ph,38,3,10
ambo1250,Ambon Malay,gm,18,0,5
ambu1247,Abulas,ph,17,0,7
amdo1237,gSerpa,ea,48,0,10
amdo1237,Khalong Tibetan,ea,53,0,6
amdo1237,Themchen Tibetan,ea,43,0,6
amel1241,AMELE,upsid,15,0,5
amha1245,Amharic,spa,52,0,7
amha1245,Amharic,uz,61,0,7
amha1245,AMHARIC,upsid,30,0,7
amii1238,Emmi,er,27,0,5
amoo1242,AMO,upsid,25,0,10
amun1246,Amundava,saphon,14,0,12
ande1247,Antekerrepenhe,er,40,0,4
andi1255,Andi,ea,63,0,5
ando1255,Andoa,saphon,15,0,10
ando1256,Andoke,saphon,11,0,24
ando1256,ANDOKE,upsid,11,0,15
anei1239,Aneityum; Anejom̃,ph,21,0,5
anfi1235,Anfillo,gm,38,0,10
anga1288,Angami,ra,38,5,6
anga1290,ANGAATIHA,upsid,12,0,9
angg1238,Angkamuthi,er,18,0,6
ango1258,Angolar,gm,22,2,12
angu1242,Anguthimri,er,19,0,17
anii1245,Anii,gm,23,2,11
anin1240,Anindilyakwa,er,22,0,4
anta1253,Antakirinya,er,17,0,6
anta1253,Western Desert,spa,17,0,6
anta1253,WESTERN DESERT,upsid,17,0,3
anti1245,Antiguan Creole,ph,24,0,13
anua1242,Anywa,ph,19,4,24
anuf1239,anufɔ,aa,22,2,19
anuf1239,anufɔ,gm,45,2,12
anyi1244,Agni Morofo,gm,31,4,14
anyi1244,agni sanvi,aa,21,0,16
anyi1245,Agni Djuablin,gm,17,5,14
anyi1245,Anyi,gm,21,4,14
anyi1245,Anyi Sanvi,gm,19,5,16
aona1235,AO,upsid,14,0,6
aona1235,Ao-Naga,ra,24,3,8
apal1257,Apalaí,saphon,12,0,12
apat1240,Apatani,ra,24,3,13
apia1248,Apiaká,saphon,12,0,10
apin1244,Apinaye,spa,14,0,35
apin1244,APINAYE,upsid,13,0,17
apin1244,Apinayé,saphon,17,0,17
apro1235,AIZI,upsid,24,0,9
apuc1241,Andamanese,ra,25,0,10
apuc1241,ANDAMANESE,upsid,16,0,8
apur1254,Apurinã,ph,14,0,26
apur1254,Apurinã,saphon,14,0,20
arab1267,Arabana,er,21,0,3
arab1268,Arabela,saphon,19,0,10
arab1268,ARABELA,upsid,11,0,7
arag1245,Aragonese,ea,20,0,7
arag1245,Aragonese,ph,20,0,25
aran1237,Arandai,ph,13,0,5
arao1248,Araona,saphon,19,0,4
araw1273,Araweté,saphon,12,0,9
araw1276,Lokono,saphon,16,0,5
arbe1236,Arbëresh Albanian,ea,60,0,13
arbo1245,Arbore,gm,49,0,10
arch1244,ARCHI,upsid,81,0,10
argo1244,Argobba,gm,30,0,8
arhu1242,Ika,ph,16,0,16
arhu1242,Ika,saphon,15,0,6
arik1265,Arikapú,saphon,11,0,14
arin1244,Aringa,gm,35,5,9
arit1239,Aritinngithigh,er,17,0,5
asha1243,Asháninka,saphon,14,0,8
asha1243,Campa,spa,17,0,4
asha1243,CAMPA,upsid,15,0,4
ashe1269,Tinɔr,gm,24,3,9
ashe1272,Ashéninka,saphon,18,0,10
assa1263,Assamese,ea,22,0,14
assa1263,Assamese,ra,22,0,15
assa1263,Assamese,uz,23,0,10
astu1245,Asturian,ea,39,0,14
atam1239,Atampaya,er,18,0,8
atam1239,Uradhi,er,18,0,4
atay1247,Atayal,ea,18,0,6
atay1247,Atayal,spa,19,0,8
atay1247,ATAYAL,upsid,19,0,7
atti1239,Attie,gm,24,8,15
auuu1241,Au,ph,10,0,7
avac1239,Avá-Canoeiro,saphon,12,0,12
avar1256,Avar,ea,59,0,5
avar1256,AVAR,upsid,44,0,5
avat1244,Avatime,gm,28,4,18
avik1243,Avikam,gm,25,3,6
avok1242,avokaya,aa,37,4,14
awab1243,Awabakal,er,13,0,3
awac1239,Awa Pit,ph,14,0,7
awac1239,Awa-Cuaiquer,saphon,16,0,10
awad1243,Awadhi,ra,37,0,8
awar1248,Awara,ph,19,0,6
awet1244,Awetí,saphon,14,0,12
awin1248,Awing,ph,39,0,17
awiy1238,Auyana,spa,11,3,6
awng1244,Awiya,spa,28,4,7
awng1244,AWIYA,upsid,28,0,7
awng1244,Awngi,gm,30,3,6
awtu1239,Awtuw,ph,11,0,7
axiy1235,Ahi,ea,38,0,14
ayab1239,Ayapathu,er,15,0,10
ayab1239,Yintyingka,er,16,0,10
ayac1239,Ayacucho Quechua,saphon,14,0,3
ayer1245,Uwu,gm,26,3,14
ayer1246,Ayerrerenge,er,39,0,4
ayor1240,Ayoreo,saphon,20,0,10
baan1242,kambari,aa,28,1,27
baat1238,bariba,aa,17,2,12
baat1238,BARIBA,upsid,18,0,12
baba1264,Baba,ph,23,0,7
baba1266,Babanki,ph,26,0,7
bada1257,Badaga,ra,25,0,13
bade1248,Bade,gm,33,4,9
badi1246,Badimaya,er,20,0,3
bady1239,Pajade,gm,25,0,18
bafa1247,Bafo,ph,27,4,16
bafa1249,Nchufie,gm,26,3,30
bafi1243,Bafia,gm,27,4,20
bafi1243,kpaʔ,gm,25,5,18
bafu1246,bafut,aa,21,10,18
baga1272,Baga Sitem,ph,18,0,8
baga1273,Baga Koga; Koba; Barka,ph,17,0,8
bagi1246,Bagirmi,gm,29,3,16
baim1244,Baima,ea,40,0,26
baka1272,baka,aa,25,6,7
baka1272,Baka,gm,25,3,7
baka1273,Bakaka (Babong),gm,15,2,14
baka1273,Bakaka (Mkaa'),gm,16,2,14
baka1273,Bakaka (Mwaneka),gm,19,2,13
baka1274,baka,gm,36,0,10
baka1277,BAKAIRI,upsid,17,0,12
baka1277,Bakairí,saphon,32,0,26
bakh1245,Bakhtiari,ea,24,0,12
bako1249,Bakoko,ph,26,0,7
bako1250,Kole,ph,27,0,7
bala1302,Balante,gm,33,3,14
bali1278,Balinese,gm,18,0,6
balt1258,Balti,ea,35,0,5
balt1258,Balti,ra,35,0,18
bamb1262,Northern Mao,gm,23,3,10
bamb1265,Bambalang; Círàmbɔ́,ph,34,5,18
bamb1269,Bamana,gm,32,2,24
bamb1269,bambara,aa,20,2,21
bamb1269,BAMBARA,upsid,21,0,14
bame1260,Mamenyan,ph,39,0,11
bamu1253,Shupamem,ph,28,0,10
bamu1256,Bamunka,ph,23,0,9
bana1305,bana,gm,37,4,3
band1337,Bandjigali,er,20,0,6
band1345,banda,aa,65,8,18
band1352,bandi,aa,23,4,21
band1353,Banda Malay,gm,18,0,5
bang1339,Parnkalla,er,20,0,3
bang1356,Bangolan,ph,27,4,9
bani1255,Baniwa,saphon,34,0,16
bani1255,Kurripako; Baniwa; Baniwa (Icana),ph,25,0,12
bank1256,Bankon,gm,26,4,7
baou1238,baoulé,aa,21,4,12
baou1238,Baule,ph,16,0,7
bara1380,Barasana-Eduria,saphon,11,0,6
barb1263,Barbareño,ph,72,0,12
bard1255,Bardi,er,17,0,7
bard1255,Bardi,uz,18,0,7
bard1255,BARDI,upsid,17,0,7
bare1276,Baré,saphon,19,0,4
bare1279,Barein (Giliya),gm,16,3,10
bare1279,Barein (Jalking),gm,31,3,10
bare1279,Barein (Jalkiya),gm,28,3,10
bare1279,Barein (Komiya),gm,32,2,10
bari1286,Bariai,ph,12,0,5
bari1297,Barí,saphon,10,0,12
barr1247,Malthanmungu,er,17,0,8
baru1269,Baruga,ph,14,0,10
basa1284,basaa,aa,29,5,7
bash1264,Bashkir,ea,28,0,11
bash1264,BASHKIR,upsid,27,0,11
basq1248,Basque,ea,91,0,33
basq1248,Basque,spa,23,0,5
basq1248,Basque,uz,23,2,10
basq1248,BASQUE,upsid,23,0,5
basq1250,Zuberoan Basque,ea,29,0,14
bass1260,Bassossi,gm,20,2,12
bata1285,Banoo,ph,20,3,8
bata1289,Batak,spa,16,0,5
bata1289,BATAK,upsid,16,0,5
bata1289,Toba-Batak,ph,18,0,9
bata1293,Karo Batak,gm,16,0,8
bats1242,Bats,ea,33,0,18
bats1242,BATS,upsid,35,0,10
baur1253,Baure,saphon,14,0,4
bayu1240,Payungu,er,20,0,6
beem1239,Beembe,spa,19,2,20
beem1239,BEEMBE,upsid,16,0,10
befa1241,Befang,ph,43,2,14
beja1238,BEJA,upsid,21,0,5
bekw1241,bekwarra,aa,23,3,10
bela1255,Belanda Viri,gm,28,5,10
bela1256,Belanda Boor,gm,25,3,10
bela1260,Belait,gm,19,0,6
belh1239,Belhare,uz,28,0,8
beli1260,Belizean Creole,ph,22,0,13
bell1243,BELLA COOLA,upsid,28,0,3
bemb1257,Bemba,ph,15,0,10
bena1262,Bena,gm,22,2,10
benc1235,Bench,gm,29,6,5
benc1235,Gimira,gm,46,5,5
beng1280,Bengali,ea,30,0,17
beng1280,Bengali,ra,34,0,14
beng1280,Bengali,spa,36,0,17
beng1280,Bengali,uz,49,0,23
beng1280,BENGALI,upsid,29,0,14
beng1286,bɛ̀ŋ,aa,24,6,19
berb1259,Berbice Dutch,ph,20,0,6
bero1242,berom,aa,24,0,7
bero1242,BIROM,upsid,22,0,7
bert1248,BERTA,upsid,24,0,5
bese1243,Beserman,ea,25,0,8
besi1244,Mah Meri,ea,30,0,28
besi1244,Mah Meri,uz,30,0,28
besl1239,Besleri,gm,39,2,9
bett1235,Betta Kurumba,ea,22,0,15
bett1235,Betta Kurumba,ph,22,0,15
bhel1238,bhele,aa,19,2,7
bhil1251,Bhili,ra,35,0,27
bhoj1244,Bhojpuri,ea,35,0,16
biak1248,Biak,gm,14,0,5
biak1248,Biak,ph,14,0,10
bial1238,biali,aa,14,3,10
bibb1234,Bibbulman,er,17,0,5
bidy1243,Bidyara,er,16,0,4
bidy1243,Dharawala,er,14,0,3
bidy1243,Wadjabangay,er,15,0,3
bidy1243,Yandjibara,er,18,0,3
bidy1243,Yiningay,er,16,0,3
bidy1244,Bijogo,gm,18,0,7
biga1237,Bigambal,er,13,0,3
bike1242,Bikele,ph,28,4,23
bila1255,bila,gm,19,5,9
bili1250,Bilinara,ph,17,0,6
bili1250,Bilinarra,er,17,0,6
bili1260,Blin,gm,31,0,7
bilo1248,Biloxi,ph,12,0,8
bilu1245,Bilua,ph,16,0,25
bimo1239,bimoba,aa,22,4,18
bina1277,Binandere,ph,11,0,24
binb1242,Binbinka,er,17,0,6
bini1246,ẹdo,aa,25,2,21
binu1245,Binumarien,ph,11,0,5
biri1256,Barna,er,15,0,3
biri1256,Biri,er,15,0,3
biri1256,Garingbal,er,15,0,3
biri1256,Miyan,er,15,0,3
biri1256,Wangan,er,15,0,3
biri1256,Wiri,er,15,0,3
biri1256,Yambina,er,15,0,3
biri1256,Yangga,er,15,0,3
biri1256,Yilba,er,15,0,3
biri1256,Yuwi,er,15,0,3
biss1248,bisa,aa,23,3,15
biss1248,BISA,upsid,18,0,6
blan1242,Blang; Plang; Bulang; Pulang; Pula; Kawa; K''ala; Kontoi',ph,24,2,14
bodo1267,Gutob,ea,17,0,19
bodo1267,Gutob,ra,21,0,19
bodo1269,BODO,upsid,15,0,6
boik1241,Boiken,ph,17,0,8
boko1266,boussa,aa,19,3,12
bomi1238,Leke,gm,16,2,10
bona1250,Baoan,ea,25,0,11
bond1245,Remo,ea,21,0,21
bond1245,Remo,ph,21,0,6
bond1245,Remo,ra,27,0,13
bong1285,Bongo,ph,18,0,11
bora1263,Bora,saphon,29,0,12
bora1271,Galla,gm,26,0,10
bord1248,Border Kuna,saphon,19,0,5
bord1248,CUNA,upsid,16,0,5
boro1277,Boro,ph,16,3,6
boro1277,BoRo,ra,22,2,8
boro1282,BORORO,upsid,13,0,7
boro1282,Borôro,saphon,15,0,7
boun1243,Kulango,gm,27,2,17
bouy1240,Yay,spa,24,6,8
bouy1240,YAY,upsid,23,0,11
brah1256,Brahui,ea,52,0,34
brah1256,BRAHUI,upsid,24,0,9
bret1244,Breton,ea,32,0,34
bret1244,Breton,spa,25,0,17
bret1244,BRETON,upsid,25,0,20
brib1243,BRIBRI,upsid,18,0,9
brok1247,Brokskat,ph,31,0,10
brok1247,Brokskat,ra,41,0,15
buam1238,Bwamut,gm,17,3,8
bubi1249,Bubia,ph,25,0,14
budu1250,Kibudu,gm,31,3,9
bugi1244,Bugis,gm,19,0,6
bujh1238,Bhujel,ea,31,0,16
bukh1238,Bukharan Tajik,uz,23,0,6
buku1249,Bukusu,ph,20,0,10
bula1255,Bularnu,er,26,0,6
bulg1262,Bulgarian,ea,37,0,6
bulg1262,Bulgarian,spa,37,0,12
bulg1262,Bulgarian,uz,23,0,7
bulg1262,BULGARIAN,upsid,36,0,6
buli1254,Buli,gm,23,10,13
bulu1251,bulu,aa,24,5,7
bumb1241,Arapesh,ph,15,0,7
bumm1238,Bum,gm,37,3,7
buna1275,Bunuba,er,20,0,4
bund1253,Bundeli,ra,38,0,17
bung1264,Buwandik,er,20,0,3
buol1237,Buol,gm,17,0,6
bura1267,Burarra,er,21,0,5
bura1267,BURARRA,upsid,16,0,5
burd1238,Purduna,er,20,0,6
burj1242,Burji,gm,26,0,10
buru1296,Burushaski,ea,114,0,41
buru1296,Burushaski,spa,38,3,12
buru1296,BURUSHASKI,upsid,38,0,5
buru1301,Burun,gm,19,3,16
busa1253,busa,gm,16,3,12
buwa1243,Buwal,gm,38,3,2
cabi1241,Cabiyarí,saphon,12,0,5
cacu1241,CACUA,upsid,12,0,10
cacu1241,Kakua,saphon,21,0,5
cadd1256,CADDO,upsid,20,0,3
caja1238,Cajamarca Quechua,saphon,19,0,3
call1235,Callawaya,saphon,26,0,6
came1252,mambila,aa,24,4,12
came1252,Mambila,gm,20,4,11
came1252,MAMBILA,upsid,19,0,6
camp1261,Campidanese Sardinian,ea,44,0,14
cams1241,CAMSA,upsid,22,0,6
cams1241,Camsá,saphon,21,0,6
cand1248,Candoshi-Shapra,saphon,21,0,6
cane1242,Canela,saphon,13,0,16
capa1241,Capanahua,saphon,16,0,8
caqu1242,Caquinte,saphon,19,0,8
cara1272,Karapanã,saphon,11,0,12
cari1279,Carijona,saphon,14,0,7
carn1240,NICOBARESE,upsid,16,0,9
cash1251,Cashibo-Cacataibo,saphon,15,0,6
cash1254,Kashinawa,saphon,15,0,8
cavi1250,Cavinena,ph,20,0,4
cavi1250,Cavineña,saphon,20,0,4
cayu1262,Cayubaba,saphon,17,0,16
cayu1262,CAYUVAVA,upsid,17,0,16
ceba1235,SENADI,upsid,24,0,12
ceba1235,Senoufo-Cebaara,gm,22,3,13
ceba1235,"Senoufo, Cebaara",gm,24,3,16
cebu1242,Cebuano,ea,16,0,3
cebu1242,Cebuano,gm,18,0,3
cent1972,Kurdish,ea,31,0,8
cent1973,Pashto,spa,31,0,7
cent1973,PASHTO,upsid,31,0,7
cent1973,Wazirwola,ea,49,0,12
cent1989,Cambodian,spa,21,0,21
cent1989,Central Khmer,ea,17,0,29
cent1989,KHMER,upsid,21,0,21
cent1990,Nicobarese,ra,16,0,19
cent2004,BAI,upsid,18,0,11
cent2018,fulfulde,aa,27,0,10
cent2050,kanuri,aa,18,0,7
cent2050,Kanuri,spa,25,4,6
cent2050,KANURI,upsid,23,0,6
cent2087,Bikol (Bicolano),gm,23,0,5
cent2092,Central Sama,uz,30,0,6
cent2128,YUPIK,upsid,32,0,4
cent2142,Aymara,saphon,54,0,9
cent2144,Mazahua,spa,45,3,15
cent2144,MAZAHUA,upsid,45,0,15
cent2150,Tunebo,saphon,14,0,5
cent2194,Tamazight Berber,gm,36,0,3
cerm1238,cerma,aa,21,4,21
chac1249,Cayapa,spa,24,0,4
chac1249,CAYAPA,upsid,24,0,4
chac1249,Cha'palaa,saphon,23,0,4
chac1250,Chachapoyas Quechua,saphon,15,0,3
chac1251,Chacobo,spa,17,0,4
chac1251,Chácobo,saphon,16,0,4
chah1248,Chaha,gm,36,0,8
cham1312,Chamorro,spa,30,0,6
cham1312,CHAMORRO,upsid,20,0,6
cham1315,Chamacoco,saphon,21,0,16
cham1318,Chamicuro,ph,19,0,10
cham1318,Chamicuro,saphon,19,0,10
chan1310,Chantyal,ea,21,0,27
chau1259,Chandangs and Byangs,ra,34,0,8
chay1248,Shawi,saphon,14,0,4
chec1245,Chechen,ea,156,0,109
chec1245,Chechen,ph,32,0,12
chee1238,Che; Rukuba; Kuche; Bache; Inchazi; Sale,ph,30,3,24
chen1255,Nyinpa Cone,ea,46,0,24
chep1245,Chepang,ph,18,0,6
cher1271,Hill Guang,gm,26,2,10
cher1273,CHEROKEE,upsid,11,0,6
chib1270,Muisca,saphon,16,0,6
chic1270,Chickasaw,ph,16,0,9
chim1300,San Miguel Chimalapa Zoque,ph,20,0,6
chim1301,Chimariko,ph,33,0,9
chim1302,Chimborazo Quichua,ph,31,0,5
chim1309,Chimila,saphon,16,0,20
chip1261,Chipewyan,spa,39,4,18
chip1261,CHIPEWYAN,upsid,38,0,14
chip1262,Chipaya,saphon,41,0,10
chiq1248,Bésɨro,saphon,14,0,12
chiq1250,MAZATEC,upsid,25,0,8
chiq1250,Mazateco,spa,26,4,8
chir1286,Nhandeva,saphon,17,0,12
choc1276,Choctaw,ph,15,0,6
chok1243,Chokri,ra,34,0,5
chol1282,"Tila, Chiapas",ph,20,0,6
chol1284,Cholón,saphon,15,0,5
chon1284,Chong,ph,21,0,19
chon1287,Chonyi,gm,40,2,5
chra1242,Chrau,ph,20,0,13
chua1250,CHUAVE,upsid,12,0,5
chua1256,HMONG,upsid,46,0,10
chuk1273,Chukchi,ea,14,0,6
chuk1273,Chukchi,spa,15,0,7
chuk1273,CHUKCHI,upsid,15,0,7
chum1261,chumburung,aa,21,0,9
chuv1255,Chuvash,spa,30,0,9
chuv1255,CHUVASH,upsid,21,0,9
coca1259,Kokama-Kokamilla,saphon,11,0,5
coco1260,Cocos Malay,uz,19,0,8
coeu1236,Coeur d''Alene',ph,40,0,8
cofa1242,COFAN,upsid,30,0,5
cofa1242,Cofán,saphon,27,0,10
cogu1240,Kogi,saphon,24,0,12
cola1237,Kolakngat,er,17,0,5
colo1256,Colorado; Tsafiki,ph,16,0,9
colo1256,Tsáfiki,saphon,16,0,10
coma1245,Comanche,ph,12,0,6
como1259,Comox,ph,37,0,5
copa1236,Zoque,spa,26,0,6
copa1236,ZOQUE,upsid,16,0,6
copi1238,Copi,gm,61,2,5
coro1247,Ancash Quechua,saphon,18,0,6
croa1245,Croatian,ph,25,0,11
cros1244,mbembe,aa,28,2,7
crow1244,Crow,ph,10,3,10
cube1242,CUBEO,upsid,11,0,12
cube1242,Kubeo,saphon,11,0,6
cuib1242,Cuiba,saphon,17,0,8
culi1244,Kulina,saphon,17,0,4
cupe1243,Cupeno,ph,27,0,11
curr1243,Curripaco,saphon,25,0,4
cusc1236,Cuzco-Collao Quechua,saphon,26,0,5
cuvo1236,Cuvok,ph,27,0,2
czec1258,Czech,ea,54,0,26
czec1258,Czech,ph,25,0,13
dadi1250,DADIBI,upsid,13,0,10
dagb1246,dagbani,aa,23,2,6
dagb1246,Dagbani,spa,24,2,11
dagb1246,DAGBANI,upsid,23,0,6
dagi1241,Thakik,gm,16,0,10
daha1245,DAHALO,upsid,54,0,5
dakp1242,Northern Cuona,ea,34,0,19
dalo1238,BETE,upsid,24,0,13
dang1274,DANGALEAT,upsid,21,0,7
dani1285,Danish,ea,15,0,11
dani1285,Danish,uz,20,0,49
dann1241,dan,aa,20,5,23
dann1241,Dan,gm,44,8,40
dann1241,DAN,upsid,19,0,20
darf1239,DAJU,upsid,24,0,6
dark1243,Darkhat,ea,20,0,19
darl1243,Southern Paakintyi,er,20,0,6
darm1243,Darma,ea,26,0,8
darm1243,Darmiya,ra,34,0,8
daun1234,Daungwurrung,er,20,0,3
daur1238,DAGUR,upsid,22,0,7
daur1238,Daur,ea,45,0,12
dawr1236,KULLO,upsid,24,0,5
daww1239,Dâw,saphon,24,0,15
daza1242,daza,aa,21,0,11
defa1248,Defaka,gm,18,5,19
dege1246,Degema,gm,24,2,10
degg1238,mo,aa,22,0,30
deni1241,Dení,saphon,18,0,4
deny1238,Denya,ph,22,0,8
dera1245,DERA,upsid,11,0,6
dera1248,KANAKURU,upsid,24,0,11
desa1247,Desano,saphon,12,0,6
dghw1239,Dghwede,gm,33,2,3
dhal1245,Thalanyji,er,20,0,6
dhal1246,Dhay'yi,er,20,0,6
dhan1270,Dhangu,er,20,0,6
dhar1247,Tharrkari,er,25,0,6
dhar1248,Dharumbal,er,18,0,3
dhim1246,Dhimal,ea,31,0,22
dhiv1236,Dhivehi,ea,27,0,12
dhud1236,Dhudhuroa,er,15,0,6
dhur1239,Dhurga,er,19,0,6
dhuw1249,YOLNGU,upsid,20,0,3
dibo1245,babole,gm,21,4,6
didi1258,Didinga,gm,36,4,18
dido1241,Tsez,ea,36,0,6
dier1241,Diyari,er,22,0,3
dier1241,DIYARI,upsid,22,0,3
dier1241,Yarluyandi,er,21,0,3
digo1242,Digor Ossetic,ea,36,0,6
digo1243,Digo,gm,41,2,5
dime1235,Dime,gm,53,2,18
diml1238,Dimili,ph,30,0,14
dink1262,Dinka,gm,20,3,26
dira1238,Thirarri,er,22,0,3
diri1252,diriku,gm,23,0,5
dita1238,ditammari,aa,17,3,12
dizi1235,DIZI,upsid,24,0,6
djab1234,Djabwurung,er,17,0,4
djad1246,Jardwadjali,er,17,0,4
djam1255,Jaminjung,er,18,0,4
djam1256,Djambarrpuyngu,er,25,0,6
djan1238,Djangun,er,13,0,3
djap1238,Djapu,er,19,0,6
djau1244,Jawoyn,er,22,0,5
djaw1238,Jawi,er,17,0,3
djee1236,Ndjebbana,er,16,0,5
djeo1235,Jabutí,saphon,14,0,10
djin1251,Jingulu,er,17,0,3
djin1252,Djinba,er,22,0,3
djin1253,Djinang,er,22,0,3
djiw1241,Jiwarli,er,20,0,6
dobu1241,Dobu,ph,19,0,5
dolg1241,Dolgan,ea,22,0,20
doma1258,Domari,ea,33,0,12
domp1238,Dompo,gm,22,2,7
dong1285,Dongxiang,ea,28,0,6
doya1240,doayo,aa,22,4,22
doya1240,DOAYO,upsid,22,0,12
dual1243,duala,aa,21,5,7
dupa1235,Dupaningan Agta,ea,15,0,6
dupa1235,Dupaningan Agta; Eastern Cagayan Agta; Dupaninan Agta,ph,15,0,5
duru1236,Parji,ra,21,0,10
duru1249,duruma,aa,42,2,5
duru1249,Duruma,gm,40,2,5
dutc1256,Dutch,ea,18,0,25
dutc1256,Dutch,ph,24,0,15
dutc1256,Dutch,uz,139,2,172
duun1241,Duungidjawu,er,13,0,10
dyaa1242,Djabugay,er,13,0,6
dyab1238,Jabirr-Jabirr,er,17,0,3
dyan1250,Thanggati,er,13,0,6
dyir1250,Dyirbal,er,13,0,3
dyir1250,DYIRBAL,upsid,13,0,3
dyug1238,Jukun,er,22,0,6
dyul1238,dioula,aa,23,2,14
dzal1238,Southern Cuona,ea,37,0,22
dzon1239,Dzongkha,ea,32,0,26
dzuu1241,Dzuungoo,gm,26,3,26
east1436,NEPALI,upsid,27,0,12
east2282,Latgalian,ea,38,0,17
east2295,Eastern Yiddish,ea,24,0,13
east2295,Standard Yiddish,ph,38,0,9
east2304,Eastern Hill Balochi,ea,35,0,19
east2328,Cheremis,ph,19,0,8
east2328,Cheremis,spa,25,0,9
east2328,Eastern Mari,ea,22,0,9
east2328,MARI,upsid,25,0,8
east2328,Meadow Mari,ea,61,0,27
east2337,Eastern Yugur,ea,28,0,14
east2347,Tamang,ea,19,0,28
east2347,TAMANG,upsid,19,0,10
east2379,ARRERNTE,upsid,27,0,3
east2379,"Arrernte, Central",uz,27,0,4
east2379,Eastern Arrernte,er,40,0,4
east2380,Eastern Anmatyerre,er,40,0,4
east2398,Kar,ph,16,3,7
east2426,manding,aa,20,2,14
east2440,East Makian,ph,19,0,5
east2440,"Makian, East (Taba)",gm,18,0,5
east2440,Taba,ph,32,0,5
east2516,KEWA,upsid,15,0,5
east2542,Ojibwa,spa,16,0,11
east2542,OJIBWA,upsid,16,0,11
east2555,Chiriguano,saphon,24,0,24
east2563,Phan Rang Cham (Eastern Cham),gm,21,0,9
east2652,"Oromo, Eastern",gm,48,2,10
east2773,Dolakha Newar,ea,24,0,12
ebir1243,ebira,aa,19,3,9
efik1245,EFIK,upsid,13,0,7
efut1241,Efutu,gm,30,2,18
egaa1242,Ega,ph,27,3,9
eggo1239,Eggon,ph,30,5,7
egyp1253,ARABIC,upsid,27,0,8
egyp1253,Egyptian Arabic,spa,58,0,9
ejag1239,Ejagham,gm,19,3,7
ejag1239,EJAGHAM,upsid,20,0,7
ejag1239,ejagham de l'ouest,aa,21,4,7
ekar1243,EKARI,upsid,10,0,5
ekpe1253,Ekpeye,ph,24,4,9
elfd1234,Elfdalian,ea,37,0,50
elip1238,Nulibie,ph,19,4,7
eloy1241,Eloyi,gm,41,3,7
emai1241,emai,aa,27,0,21
embe1259,Emberá-Baudó,saphon,21,0,12
embe1260,Emberá-Catío,saphon,19,0,12
embe1262,Emberá-Chamí,saphon,16,0,12
emer1243,Emerillon,saphon,16,0,14
enap1235,Panare,saphon,13,0,7
enap1235,PANARE,upsid,12,0,13
enaw1238,Enawené-Nawé,saphon,13,0,12
endo1242,Endo,ph,13,3,20
enge1239,engenni,aa,20,3,10
epen1239,Epena,saphon,17,0,21
epen1239,EPENA PEDEE,upsid,17,0,14
erre1238,Erre,er,18,0,5
ersu1241,Ersu,ea,54,0,6
ersu1241,Lizu,uz,51,2,8
erzy1239,Erzya,ea,29,0,6
esee1248,Ese Eja,saphon,18,0,4
esee1248,Ese Ejja,saphon,17,0,4
esim1238,Esimbi,ph,29,0,8
esto1258,Estonian,ea,17,0,9
esto1258,Estonian,uz,45,0,9
eten1239,Iten,gm,63,5,6
eton1253,Eton,gm,21,2,15
even1259,Evenki,uz,18,0,11
even1259,Solon,ea,17,0,8
even1260,Even,ea,18,0,18
even1260,Even,spa,18,0,18
even1260,EVEN,upsid,17,0,10
ewee1241,eʋe,aa,27,3,12
ewee1241,Ewe,spa,28,3,14
ewee1241,EWE,upsid,26,0,14
ewon1239,ewondo,aa,15,3,7
ewon1239,EWONDO,upsid,26,0,8
eyak1241,EYAK,upsid,32,0,13
ezaa1238,ẹzaa,aa,27,2,9
ezha1238,Ezha,gm,33,0,6
faiw1243,Faiwol,ph,12,0,8
fali1285,Kirya-Konzɘl,gm,38,5,7
fang1246,Fan,ph,25,0,16
fang1248,Fang,gm,23,3,10
faro1244,Faroese,ea,16,0,20
fasu1242,FASU,upsid,11,0,10
fefe1239,FE?FE?,upsid,17,0,8
fefe1239,fe'efe'fe,aa,23,5,16
fern1234,Pichi,gm,21,2,7
fiji1243,FIJIAN,upsid,19,0,11
fili1244,Filipino,ph,17,0,10
finn1318,Finnish,ea,15,0,8
finn1318,Finnish,spa,25,0,17
finn1318,FINNISH,upsid,17,0,8
fipa1238,Fipa,gm,20,1,14
fonn1241,fɔn,aa,24,4,14
food1238,Foodo,gm,23,3,18
fore1265,Forest Enets,ea,25,0,8
fore1274,Forest Nenets,ea,25,0,13
fraf1238,Frafra,gm,20,2,8
friu1240,Friulian,ea,25,0,14
friu1240,Friulian,ph,25,0,14
fuli1240,Fuliiru,gm,24,2,10
fuli1240,fuliru,aa,25,0,10
fuln1247,IATE,upsid,18,0,12
fuln1247,Yaathe,saphon,21,0,12
furr1244,FUR,upsid,19,0,11
furu1242,Furu,ph,31,0,10
fwai1237,PO-AI,upsid,19,0,16
fwee1238,Fwe,ph,50,0,10
gaaa1244,ga,aa,24,2,12
gaaa1244,Ga,spa,32,3,12
gaaa1244,GA,upsid,29,0,12
gaaa1245,Tiba,gm,22,3,9
gaam1241,Gaahmg,gm,34,3,12
gaam1241,TABI,upsid,24,0,9
gabi1248,Gabi-Gabi,er,13,0,6
gade1236,Gade-Lohar,ra,31,0,19
gads1258,Gadsup,spa,9,4,6
gads1258,GADSUP,upsid,9,0,6
gaga1249,Gagauz,ea,28,0,18
gaga1251,Gaagudju,er,17,0,10
gagn1235,bété,aa,23,2,26
gagu1242,Gban,gm,20,4,12
gali1258,Galician,ea,23,0,7
gali1258,Galician,ph,21,0,7
gali1262,Carib,saphon,29,0,18
gali1262,Carib,spa,16,0,12
gali1262,CARIB,upsid,16,0,6
galo1242,Gallong,ra,17,0,12
gamb1251,Gambera,er,20,0,5
gami1243,Gamilaraay,er,15,0,6
gamo1243,Gamo,gm,26,0,10
gana1268,Bidhawal,er,17,0,8
gana1278,Muk-Thang,er,17,0,5
gana1278,Nulit,er,17,0,5
gana1278,Thangguai,er,17,0,5
gand1255,luganda,aa,19,4,10
gang1267,Gangalidda,er,18,0,6
gang1268,Barada,er,15,0,3
gang1268,Gabalbara,er,15,0,3
gang1268,Gangulu,er,16,0,6
gang1268,Ganulu,er,15,0,3
gang1268,Yetimarala,er,15,0,3
gara1269,GARAWA,upsid,19,0,3
gara1269,Garrwa,er,14,0,3
gara1269,Kunindirri,er,14,0,3
gari1254,Garig,er,21,0,3
garo1247,Garo,ra,16,0,5
garo1247,Garo,spa,21,0,5
gata1239,Didayi,ra,24,0,14
gata1239,Gtaʔ,ea,23,0,17
gava1241,Gavar,gm,47,3,5
gavi1246,Gavião do Jiparaná,saphon,19,0,10
gayo1244,Gayo,ph,19,0,8
gbag1258,GWARI,upsid,20,0,6
gbar1246,Gbari,ph,24,0,7
gbay1281,Mbodomo,gm,28,3,7
gbay1281,Mbodomo; Mbódɔ̀mɔ́,ph,28,2,7
gbay1287,gbaya,aa,29,4,12
gbay1287,Gbeya,spa,31,2,12
gbay1287,GBEYA,upsid,31,0,12
gbay1288,kresh,aa,41,5,10
gbes1238,gbesi,gm,31,3,13
genn1243,gɛn-mina,aa,52,6,26
gheg1238,Gheg Albanian,ea,27,0,16
ghod1238,Godoberi,ea,53,0,13
ghom1247,Banjun,gm,36,5,18
gida1240,Gidabal,er,13,0,8
gida1247,Kada,ph,28,2,8
giky1238,Gechode,gm,29,0,22
gily1242,Gilyak,spa,34,0,10
gily1242,Nivkh,ea,28,0,6
gily1242,NIVKH,upsid,28,0,7
giny1241,Genyanga,gm,31,0,22
giry1241,Giryama,gm,40,2,5
giry1241,Jiβana,gm,40,2,5
giry1241,Raβai,gm,40,2,5
giry1241,Reβe,gm,40,2,5
glav1244,Glavda,gm,34,2,7
godi1239,godié,aa,26,3,13
goli1247,Golin,ph,13,0,10
gonj1241,gonja,aa,23,2,14
goon1238,Gooniyandi,er,19,0,4
gore1235,Goreng,er,17,0,5
gour1243,gulmancema,aa,20,3,10
gras1249,KOIARI,upsid,11,0,5
guah1255,Guahibo,saphon,17,0,18
guah1255,GUAHIBO,upsid,17,0,12
guaj1255,Guajajara,ph,14,0,7
guaj1255,Guajajára,saphon,15,0,7
guaj1256,Guajá,saphon,12,0,12
guam1248,Guambiano,saphon,20,0,5
guam1248,GUAMBIANO,upsid,18,0,6
guan1269,Wanano,ph,16,2,6
guan1269,Wanano,saphon,16,0,12
guan1270,Kinikinao,saphon,13,0,10
guar1292,Guarayu,saphon,14,0,12
guar1293,Warekena,saphon,17,0,8
guat1253,Guató,saphon,17,0,8
guay1257,Guayabero,saphon,16,0,6
guda1243,Gudanji,er,16,0,3
gude1246,Gu'de,gm,30,2,4
gude1246,guɗe,aa,30,2,4
gudj1237,Gudjal,er,15,0,3
guer1243,AMUZGO,upsid,25,0,12
guga1239,Kukatj,er,16,0,7
gugu1253,Gugu Badhun,er,14,0,3
gugu1254,Koko Bera,er,15,0,6
gugu1255,Guugu Yimidhirr,er,17,0,6
guin1254,"Kpelle, North",gm,24,3,12
guin1254,kpɛlɛwoo,aa,27,0,8
guja1252,Gujarati,ea,31,0,27
guja1252,Gujarati,ra,35,0,25
guja1253,Gojri,ra,35,3,19
guja1253,Gojri; Gujari; Gujar,ph,32,0,18
guma1252,Kunwinjku,er,22,0,5
guma1253,Gumatj,er,25,0,6
gume1239,Gumer,gm,35,0,7
gumu1244,Gumuz,gm,34,0,10
gund1246,Gun-Dedjnjenghmi,er,22,0,5
gund1246,Gun-Djeihmi,er,22,0,5
gund1248,Gundungurra,er,19,0,6
gune1238,Kune,er,22,0,6
gung1248,Gungabula,er,16,0,4
gunw1252,Gunwinggu,ph,19,0,5
guny1241,Gunya,er,25,0,6
gupa1247,Gupapuyngu,er,25,0,6
gura1252,Gurr-Goni,er,22,0,5
gurd1238,Kurtjar,er,19,0,9
gure1255,Gureng-gureng,er,13,0,10
gure1255,Guweng,er,13,0,10
guri1247,Gurindji,er,17,0,6
guro1248,Gouro,gm,26,3,28
guru1261,Gurung,ea,29,0,20
guwa1242,Guwa,er,20,0,3
guwa1243,Guwamu,er,15,0,6
guwa1244,Guwar,er,13,0,6
gwan1268,Gwandara (Cancara),gm,32,8,12
gwan1268,Gwandara (Gitata),gm,35,8,21
gwan1268,Gwandara (Karshi),gm,28,8,10
gwan1268,Gwandara (Koro),gm,28,8,12
gwan1268,Gwandara (Nimbia),gm,43,8,14
gwan1268,Gwandara (Toni),gm,28,8,12
gwen1239,Kigweno,gm,24,0,5
hadi1240,Hadiyya,gm,46,0,10
hadz1240,HADZA,upsid,57,0,5
hain1253,bozo,aa,20,0,14
haio1238,San,gm,24,0,5
haka1240,LAI,upsid,45,0,7
hakk1236,Hakka,spa,21,4,6
hakk1236,HAKKA,upsid,16,0,6
hakk1236,Hakka Chinese,ea,23,0,16
hakk1236,Hakka Chinese,uz,26,5,16
halb1244,Halbi,ra,29,0,13
halh1238,Khalkha,spa,21,0,14
halh1238,KHALKHA,upsid,21,0,12
halk1245,Chilliwak Halkomelem,ph,32,3,12
hame1242,HAMER,upsid,25,0,10
hang1258,hanga,aa,23,0,6
hang1260,Kihangaza,gm,23,2,10
hang1263,Hanga Hundi; Kwasengen; West Wosera,ph,16,0,7
hara1271,Harari,gm,25,0,9
haus1257,hausa,aa,58,0,16
haus1257,Hausa,spa,32,3,10
haus1257,Hausa,uz,32,4,10
haus1257,HAUSA,upsid,31,0,7
hawa1245,Hawaiian,spa,9,0,10
hawa1245,HAWAIIAN,upsid,8,0,5
hawk1239,Darkinyung,er,15,0,3
haya1250,Haya,ph,19,0,10
hdii1240,Hide,gm,37,0,4
hebr1245,Hebrew,uz,22,0,5
hebr1245,Israeli Hebrew,ea,20,0,5
hebr1245,Modern Hebrew,spa,24,0,6
heib1243,Heiban,gm,27,0,7
hela1238,Yolmo,ea,36,0,10
here1253,herero,gm,19,2,5
hili1240,Hiligaynon,gm,20,0,5
hind1269,Hindi,ea,34,0,21
hind1269,Hindi,ra,37,0,21
hind1269,Hindi,uz,63,0,11
hind1269,Hindi-Urdu,spa,71,0,23
hind1269,HINDI-URDU,upsid,40,0,21
hixk1239,HIXKARYANA,upsid,18,0,5
hixk1239,Hixkaryána,saphon,18,0,5
hmon1264,Hmong Njua,ea,48,0,13
hoav1238,Hoava,ph,16,0,5
holo1240,Holoholo,gm,17,2,7
hooo1248,Ho,ea,22,0,13
hooo1248,Ho,ra,24,0,19
hopi1249,Hopi,spa,31,0,18
hopi1249,HOPI,upsid,22,0,6
huaa1248,!Xóõ,gm,130,3,28
hual1241,Huallaga Huánuco Quechua,saphon,16,0,6
huam1247,Huambisa,saphon,15,0,8
huam1248,Huallaga (Huanuco) Quechua,ph,21,0,10
huar1255,Warihio,ph,12,0,14
huas1242,Huastec,ph,26,0,10
huas1242,HUASTECO,upsid,21,0,5
huay1240,Huaylas,ph,20,0,10
huba1236,Kilba,gm,24,2,5
hueh1236,"Tepehua, Huehuetla; Tepehua de Hidalgo; Tepehua de Huehuetla",ph,26,0,10
huic1243,Huichol,ph,15,0,10
huml1238,Humla Bhotia,ea,41,0,28
hung1274,Hungarian,ea,25,0,14
hung1274,Hungarian,spa,50,0,15
hung1274,Hungarian,uz,50,0,14
hung1274,HUNGARIAN,upsid,26,0,14
hung1278,Kihungan,ph,20,3,10
hunz1247,Hunzib,uz,36,0,24
hupa1239,Hupa,spa,35,0,7
hupa1239,HUPA,upsid,28,0,7
hupd1244,Hup,ph,20,0,9
hupd1244,Hup,saphon,19,0,15
huro1249,Huron,ph,11,0,6
iaai1238,Iai,spa,33,0,19
iaai1238,IAI,upsid,36,0,16
iban1261,Ibani,ph,25,3,10
iban1264,IBAN,upsid,19,0,6
ibib1240,Ibibio,ph,17,2,13
icel1247,Icelandic,ea,30,0,15
icel1247,Icelandic,spa,23,0,16
idaa1241,Ida''an',ph,17,0,6
idom1241,Idu,gm,47,5,23
ifee1241,ifɛ̀,aa,19,3,12
iged1239,igede,aa,24,4,10
igna1246,Ignaciano,saphon,15,0,4
igna1246,Moxo,spa,21,0,4
igna1246,MOXO,upsid,21,0,4
igoo1238,ahlõ,aa,23,3,7
igoo1238,Igo,gm,23,3,7
ikal1242,Ikalanga,gm,62,4,5
ikar1243,Ikarranggal,er,18,0,5
ikar1243,Takalak,er,17,0,10
ikkk1242,IK,upsid,31,0,13
ikpe1245,Ikpeng,saphon,12,0,6
ikwe1242,Ikwere,gm,23,5,18
ikwo1238,ikwo,aa,29,2,9
ilga1238,Ilgar,er,21,0,3
ilok1237,Ilocano,ea,19,0,6
ilok1237,Ilocano,ph,17,0,4
ilok1237,Iloko/Ilocano,gm,17,0,6
imba1240,Imbabura Quichua,saphon,17,0,3
imon1245,Imonda,ph,13,0,10
inap1243,Iñapari,saphon,13,0,18
indo1316,Indonesian,gm,23,0,8
indo1316,Indonesian,ph,22,0,9
indo1317,SAMA,upsid,26,0,6
inga1252,Inga,saphon,19,0,3
ingu1240,Ingush,ea,52,0,17
ingu1240,Ingush,ph,35,0,13
inor1238,Endegen,gm,39,0,6
inor1238,Ener,gm,39,0,6
inor1238,Ennemor,gm,40,0,7
iqui1243,Iquito,saphon,11,0,8
iran1263,IRANXE,upsid,21,0,18
iran1263,Mỹky,saphon,21,0,22
iraq1241,Iraqw,spa,33,3,12
iraq1241,IRAQW,upsid,33,0,12
irar1238,IRARUTU,upsid,12,0,7
irig1241,Rigwe,gm,79,4,12
iris1253,Irish,ea,69,0,32
iris1253,Irish,uz,35,0,15
iris1253,IRISH,upsid,45,0,24
iris1253,Irish Gaelic,spa,44,0,24
irul1243,Irula,ra,31,0,21
irul1243,Kasaba,ra,23,0,7
iseb1246,Ngomba,ph,9,0,14
ishk1246,Ishkashimi,ea,32,0,7
isla1278,Island Carib,spa,17,0,12
isla1278,ISLAND CARIB,upsid,16,0,11
isok1239,ISOKO,upsid,28,0,9
isth1244,Isthmus (Juchitán) Zapotec,uz,22,3,7
ital1282,Italian,ea,23,0,7
ital1282,Italian,ph,23,0,7
ital1282,Italian,uz,39,0,31
itel1242,Itelmen,ea,27,0,5
itel1242,ITELMEN,upsid,27,0,5
iton1250,Itonama,saphon,19,0,6
iton1250,Itonama,spa,19,0,6
iton1250,ITONAMA,upsid,19,0,6
iumi1238,MIEN,upsid,33,0,8
iumi1238,Yao,spa,35,6,8
ivat1242,IVATAN,upsid,19,0,4
iwai1244,Iwaidja,er,20,0,3
iwam1256,IWAM,upsid,11,0,6
iyiv1238,Iyive,gm,53,4,7
iyow1239,Chorote,saphon,16,0,5
izer1241,Hill Jarawa,ph,28,0,11
izer1241,Izere,gm,27,5,7
izii1239,izi,aa,40,2,9
izon1238,KOLOKUMA IJO,upsid,19,0,18
jahh1242,Jah-Hut,ea,22,0,30
jama1261,Jamamadí,saphon,12,0,4
jama1261,Jarawara,ph,11,0,4
jama1261,Jarawara,saphon,11,0,8
jama1262,Jamaican Creole,ph,21,0,12
jams1239,"Jamsay, Dogon",gm,37,2,21
jand1248,Jandai,er,13,0,6
japh1234,Japhug,ea,50,0,8
japr1238,Japreria,saphon,14,0,6
japr1238,JAPRERIA,upsid,12,0,12
jaqa1244,Aymara,spa,36,0,6
jaqa1244,Jaqaru,saphon,36,0,6
jaqa1244,JAQARU,upsid,36,0,3
jaru1254,Jaru,er,17,0,6
jauj1238,Huanca,ph,22,0,5
jauj1238,Jauja-Huanca Quechua,saphon,16,0,6
jaun1243,Jaunsari,ra,34,0,17
java1254,Javanese,gm,24,0,9
java1254,Javanese,spa,22,0,8
java1254,JAVANESE,upsid,21,0,8
jebe1250,JEBERO,upsid,19,0,4
jebe1250,Shiwilu,saphon,17,0,4
jeme1245,Jemez,ph,39,0,22
jenn1240,Kattunaika,ra,26,0,7
jere1244,Jere,gm,24,4,16
jerr1238,Jèrriais,ea,23,0,32
jiar1240,Caodeng rGyalrong,ea,52,0,11
jiar1240,Jiarong,ph,49,0,8
jica1244,Jicarilla Apache,ph,34,3,19
jita1239,Jita,gm,17,2,10
jola1262,Joola Huluf,gm,31,0,20
jola1263,DIOLA,upsid,19,0,10
jola1263,joola,aa,19,0,10
jowu1238,jowulu,gm,20,4,21
juan1238,Juang,ea,19,0,18
juan1238,Juang,ph,19,0,10
juan1238,Juang,ra,24,0,12
jude1256,Juhuri,ea,23,0,8
juho1239,!XU,upsid,95,0,46
juma1249,Júma,saphon,12,0,12
jumj1238,Jumjum,gm,20,3,16
jung1240,Inga,saphon,13,0,3
jurm1239,jur mödö,aa,31,0,18
juru1256,Jurúna,saphon,18,0,10
kaba1278,Kabardian,ea,146,0,23
kaba1278,Kabardian,spa,49,0,7
kaba1278,KABARDIAN,upsid,49,0,7
kabi1260,Barunggam,er,13,0,10
kabi1260,Butchulla,er,16,0,8
kabi1261,Kabiye,ph,22,2,23
kabi1261,kabiyɛ,aa,24,0,23
kabu1256,Cape Verde Creole,gm,21,0,7
kaby1243,Kabyle,ph,27,0,3
kach1280,JINGPHO,upsid,25,0,5
kadi1248,Kadiweu,ph,23,0,8
kadi1248,Kadiwéu,saphon,23,0,8
kafa1242,KEFA,upsid,22,0,5
kagf1238,West Kainji,gm,36,4,16
kagu1239,Kagulu,gm,26,0,5
kahe1238,Kikahe,gm,22,0,10
kain1272,Kaingang,saphon,11,0,5
kain1272,KAINGANG,upsid,13,0,14
kaiw1246,Kaiwá,saphon,14,0,12
kaka1265,Kakabe,gm,22,2,14
kako1242,Kako,gm,33,2,12
kako1242,kakɔ,aa,33,4,13
kala1377,Kala Lagaw Ya,er,18,0,6
kala1377,KALA LAGAW YA,upsid,18,0,6
kala1378,Kala Kawaw Ya,er,18,0,6
kala1379,Galaagu,er,20,0,6
kala1380,Garlali,er,18,0,3
kala1381,Kalabari; Kirike; Kalabari-Ijo,ph,22,3,18
kala1399,Inuit,spa,32,0,6
kala1399,INUIT,upsid,19,0,3
kala1401,Kalaamaya,er,20,0,6
kali1299,Kaliai,spa,18,0,10
kalk1246,Kalkatungu,er,20,0,6
kalk1246,KALKATUNGU,upsid,20,0,3
kalm1243,Kalmyk,ea,23,0,16
kama1351,Kamassian,ea,26,0,11
kama1365,WOISIKA,upsid,16,0,12
kama1367,Kamasau,ph,23,0,6
kama1373,Kamayurá,saphon,14,0,12
kamb1297,Kikamba,gm,13,4,14
kamb1298,Kambe,gm,40,2,5
kamb1299,Kambera,gm,19,0,10
kamb1316,Kambaata,gm,49,0,10
kamw1239,Higi,gm,26,2,7
kang1280,Kangri,ra,29,0,12
kang1281,Kangjia,ea,27,0,9
kang1288,Kanga (Kanga),gm,54,2,20
kang1288,Kanga (Kufa),gm,53,2,20
kani1276,Kaniyang,er,17,0,5
kano1245,Kanoe,ph,12,0,14
kano1245,Kanoé,saphon,12,0,14
kara1462,Tofa,ea,28,0,39
kara1464,Karaim,ea,29,0,8
kara1467,Karakalpak,ea,25,0,13
kara1474,Karata,ea,46,0,10
kara1474,Tukita,ea,45,0,8
kara1476,Garadjari,ph,17,0,3
kara1476,Karajarri,er,17,0,4
kara1478,karaŋ,aa,30,4,6
kara1483,Karimojong,gm,21,6,39
kara1500,Karajá,saphon,9,0,15
kara1508,Karangura,er,22,0,3
karb1241,Karbi (Mikir),ra,28,3,11
kare1335,Karelian,ea,16,0,14
kare1338,Kare,gm,30,3,24
kari1255,Karirí-Xocó,saphon,14,0,7
kari1301,Karipuna Creole,ph,22,0,10
kari1304,Kariyarra,er,20,0,3
kari1311,Karitiâna,saphon,11,0,20
kari1311,Karitiana; Karitiâna,ph,11,0,14
karo1304,Karok,spa,27,3,11
karo1304,KAROK,upsid,16,0,11
karo1306,Karo,ph,14,2,11
karo1306,Karo,saphon,14,0,11
kart1247,Kartujarra,er,17,0,7
kase1253,kasem,aa,19,1,20
kase1253,kasɩm,aa,21,4,20
kash1277,Kashimiri,spa,27,0,29
kash1277,Kashmiri,ra,28,0,28
kash1277,KASHMIRI,upsid,27,0,28
katc1249,KADUGLI,upsid,22,0,5
katc1249,Kadugli (Kadugli),gm,39,3,20
katc1249,Kadugli (Katcha),gm,39,2,20
katc1249,Kadugli (Miri),gm,41,2,20
katc1250,Katcha,spa,23,2,7
kaum1238,Kauma,gm,40,2,5
kaur1267,Kaurna,er,20,0,5
kawa1283,KAWAIISU,upsid,25,0,6
kawa1290,Ogh Awarrangg,er,23,0,5
kawa1290,Ogh Unyjan,er,23,0,5
kaxa1239,Kaxararí,saphon,15,0,5
kaxu1237,Kaxuiâna,saphon,12,0,6
kaya1319,Kayardild,er,17,0,6
kaya1319,Yangkaralda,er,18,0,6
kaya1329,Kaiabi,ph,14,0,10
kaya1329,Kayabí,saphon,14,0,12
kaya1330,Mebengokre,saphon,16,0,17
kayt1238,Kaytetye,er,40,0,3
keda1250,Kedayan,uz,18,0,4
keig1242,Keiga,gm,37,2,20
kekc1242,K'EKCHI,upsid,21,0,5
kela1255,Kela,ph,16,0,14
kele1255,Iikile,gm,21,2,7
keli1248,Kaliko,gm,36,3,6
keme1240,Kemezung,gm,20,6,8
kens1251,Kensei Nsei,ph,55,0,10
keny1279,Kenyang,ph,21,0,20
keoo1238,Ke''o; Kéo',ph,24,0,6
kera1255,Kera,uz,24,0,6
kera1255,KERA,upsid,24,0,6
kera1256,Keramin,er,20,0,3
kete1252,kete,gm,16,4,5
kett1243,Ket,ea,14,0,11
kett1243,Ket,spa,18,0,14
kett1243,KET,upsid,18,0,7
kgal1244,Shekgalagari,gm,43,2,8
khak1248,Khakas,ea,23,0,16
khal1271,Khalkhal,ea,23,0,14
kham1282,Brag-g.yab Tibetan,ea,40,0,21
kham1282,Dongwang Tibetan,ea,49,0,29
kham1282,Kami Tibetan,ea,56,0,21
kham1282,Kham Tibetan,ea,44,0,7
kham1282,Nangchenpa Tibetan,ea,60,0,36
kham1282,Rgyalthang Tibetan,ea,44,0,18
kham1282,Sangdam Tibetan,ea,49,0,15
kham1282,Soghpo Tibetan,ea,100,0,33
khan1273,Eastern Khanty,ph,18,0,13
khan1273,KHANTY,upsid,19,0,13
khan1273,Northern Khanty,ea,58,0,29
khan1273,Ostyak,spa,19,0,13
khar1287,Kharia,ea,34,0,5
khar1287,Kharia,ph,37,0,10
khar1287,Kharia,ra,31,0,14
khar1287,Kharia,spa,31,0,10
khar1287,KHARIA,upsid,31,0,5
khas1269,Khasi,ra,27,0,13
khas1269,Khasi,spa,19,0,9
khas1269,KHASI,upsid,21,0,8
khez1235,Khezha,ra,42,3,8
khit1238,Kithaulhu,saphon,13,0,18
khmu1256,KHMU?,upsid,23,0,18
kich1262,Quiche,ph,22,0,10
kiku1240,kikuyu,aa,18,0,14
kild1236,Kildin Saami,ea,113,0,15
kima1244,Kimaragang,gm,18,0,5
kima1246,Khmu,ph,20,4,20
kinn1249,Kinnauri; Kanauri,ph,31,0,15
kiny1244,Kinyarwanda,ph,39,0,10
kiow1266,KIOWA,upsid,22,0,20
kips1239,Kipsigis,gm,14,4,19
kirg1245,Kirghiz,spa,20,0,16
kirg1245,KIRGHIZ,upsid,22,0,8
kirg1245,Kyrgyz,ea,21,0,16
kiri1254,Kirike,ph,24,2,10
kisa1263,Olukisa,gm,24,4,10
kist1241,Goggot,gm,34,0,7
kita1249,maninka-kan,aa,19,0,14
kitj1240,Kija,er,19,0,5
kitu1245,munukutuba,aa,17,0,5
kitu1246,Kituba,gm,15,2,5
klam1254,KLAMATH,upsid,33,0,4
klao1243,KLAO,upsid,11,0,16
koal1240,Koalib,gm,29,0,16
koas1236,Koasati,ph,15,4,6
koda1255,Kod̩agu,ra,27,0,25
kofy1242,Kofyar,gm,23,3,10
koho1244,SRE,upsid,27,0,10
kohu1244,KOHUMONO,upsid,28,0,10
koka1244,Kukata,er,17,0,6
kokb1239,Tripuri,ra,25,0,9
kokn1236,Kok Nar,er,18,0,7
koko1269,Kokota,ph,22,0,5
komc1235,kom,aa,59,7,9
komi1268,Komi,spa,29,0,7
komi1268,KOMI,upsid,26,0,7
komi1268,Komi-Zyrian,ea,30,0,7
komi1269,Komi-Permyak,ea,30,0,7
komi1277,Yodzyak Komi,ea,29,0,8
komo1258,KOMA,upsid,23,0,8
komo1258,Komo,gm,23,0,5
komo1260,komo,aa,24,4,7
kond1295,Kon̩d̩a or Kubi,ra,23,0,20
kond1303,Konda,ea,23,0,10
konk1267,Konkani,ra,35,0,10
konk1267,KONKANI,upsid,19,0,18
konk1269,konkomba,aa,22,8,12
konk1269,Konkomba,gm,21,3,14
konn1242,Konni,ph,31,0,18
koon1245,kɔɔzime,aa,22,6,24
koor1239,Koorete,gm,51,0,10
kora1295,Korafe,ph,19,0,5
kore1280,Korean,ea,21,0,17
kore1280,Korean,spa,22,0,18
kore1280,Korean,uz,20,0,28
kore1280,KOREAN,upsid,21,0,11
kore1283,Koreguaje,saphon,18,0,12
kork1243,Korku,ea,31,0,10
kork1243,Korku,ra,26,0,11
korr1238,Koraga,ra,21,0,13
koru1247,Korubo,saphon,14,0,6
kory1246,KORYAK,upsid,16,0,5
kosh1246,Koshin,gm,23,3,11
kota1263,Kota,ra,26,0,15
kota1263,Kota,spa,23,0,11
kota1263,KOTA,upsid,23,0,5
kota1272,kotafon,gm,29,3,13
koya1251,Koya,ra,21,0,10
koya1251,KOYA,upsid,19,0,5
koya1253,Koyaga,gm,29,2,12
koyr1240,songhoy,aa,21,0,15
koyr1240,songhoy,gm,23,6,14
koyr1242,Songhai,spa,33,0,15
koyr1242,SONGHAI,upsid,15,0,9
koyr1242,"Songhay, Koyraboro Senni",gm,23,0,14
kpan1246,KPAN,upsid,24,0,10
krac1238,Krache,gm,17,3,24
krah1246,Krahô,saphon,12,0,34
kren1239,Krenak,saphon,22,0,13
krik1239,Krinkati-Timbira,saphon,11,0,15
krim1238,Krim,gm,22,0,16
krio1253,krio,aa,22,0,10
krio1253,Krio,gm,25,3,7
kris1246,Isaka,ph,9,4,5
kron1241,Krongo,gm,40,2,20
kuan1247,Kwanyama,gm,26,2,5
kuay1244,Kuay,ph,22,0,25
kuii1252,Kui,ra,20,0,19
kuik1246,Kuikúro-Kalapálo,saphon,14,0,12
kuka1246,Kukatja,er,17,0,6
kuku1273,Gugu Wakura,er,13,0,3
kuku1273,GUGU-YALANDYI,upsid,13,0,3
kuku1273,Kuku Yalanji,er,13,0,3
kuku1273,Wagaman,er,13,0,3
kulu1253,Kulung,ph,22,0,21
kuma1273,Kumauni,ra,31,0,11
kumb1268,Baanbay,er,13,0,6
kumb1268,Gumbaynggir,er,13,0,6
kumi1248,DIEGUENO,upsid,25,0,9
kumi1248,Digueno,spa,25,0,9
kumy1244,Kumyk,ea,23,0,8
kumz1235,Kumzari,uz,27,0,8
kuna1268,Kunama,uz,23,3,8
kuna1268,KUNAMA,upsid,19,0,7
kung1258,Gunggari,er,15,0,3
kung1259,Kungarakany,er,17,0,5
kung1261,!Xun,gm,95,4,21
kuni1267,Kunimaipa,spa,15,0,5
kuni1267,KUNIMAIPA,upsid,15,0,5
kuni1268,Kunigami,ea,20,0,5
kunj1245,Kunjen,spa,23,0,5
kuny1238,Nyanga,gm,44,4,7
kunz1244,Kunza,saphon,23,0,10
kuoo1238,Kuo,gm,29,3,24
kuot1243,Kuot,ph,13,0,6
kupa1239,Kupang Malay,gm,19,0,6
kups1238,SEBEI,upsid,14,0,12
kura1250,Kuranko,gm,26,0,28
kuri1259,kuria,aa,15,0,7
kurr1243,Kurrama,er,21,0,6
kurt1248,Kurtoep,ea,31,0,14
kuru1302,Kurukh,spa,46,0,22
kuru1302,KURUKH,upsid,21,0,11
kuru1302,Kurux,ra,31,0,25
kuru1309,Kuruáya,saphon,18,0,10
kusa1250,kusal,aa,22,0,22
kusu1250,Kusunda,ph,32,0,6
kute1248,Kuteb,ph,28,5,13
kuth1240,Kuthant,er,17,0,8
kuuk1238,Kuugu Ya'u,er,15,0,6
kuun1236,Kungkari,er,19,0,6
kuvi1243,Kuvi,ea,22,0,15
kuvi1243,Kuvi,ph,22,0,15
kuvi1243,Kuvi,ra,28,0,19
kuwa1246,Kwatay,gm,20,4,10
kwai1243,KWAIO,upsid,16,0,5
kwak1269,Kwakiutl,spa,46,0,9
kwak1269,KWAKW'ALA,upsid,42,0,6
kwam1249,Kwama,gm,20,0,5
kwam1250,Kwami,gm,28,2,10
kwam1251,Kwambi,gm,29,2,6
kwan1273,kwangari,gm,22,0,5
kwan1276,Kwanja,gm,21,4,18
kway1241,Eciruuri,gm,17,2,10
kwaz1243,Kwaza,ph,29,0,16
kwaz1243,Kwaza,saphon,19,0,16
kwes1244,kwezo,gm,16,3,6
kwin1241,Kwini,er,17,0,11
kwom1262,KWOMA,upsid,24,0,7
kwom1262,Washkuk,spa,24,0,7
kyen1242,Kyanga,gm,22,3,12
kyer1238,Kyirong Tibetan,ea,40,0,23
lada1244,Ladakhi,ea,33,0,5
lada1244,Ladakhi,ph,33,0,5
lada1244,Ladakhi,ra,37,0,8
ladi1251,Judaeo-Spanish,ea,20,0,5
ladi1251,Judeo-Spanish,uz,20,0,14
ladj1234,Ladji-Ladji,er,17,0,4
lagw1237,Lagwan,gm,34,2,5
lahu1253,Lahu,ea,24,0,22
lahu1253,Lahu,spa,26,5,9
lahu1253,LAHU,upsid,26,0,9
lake1258,Lake Miwok; Miwok (Lake),ph,29,0,10
lakk1238,Lakkia,spa,31,6,22
lakk1238,LAKKIA,upsid,33,0,22
lakk1252,Lak,ea,58,0,10
lakk1252,Lak,spa,60,0,9
lakk1252,LAK,upsid,60,0,9
lako1244,dida,aa,27,3,27
lako1247,Dakota,spa,27,0,9
lako1247,DAKOTA,upsid,28,0,8
lama1275,lama,aa,17,3,33
lama1288,Lamang,gm,37,0,4
lamb1269,Banjara,ra,24,0,10
lamb1269,Lamani,ra,30,0,18
lamb1276,Ferreñafe Quechua,saphon,16,0,3
lamn1239,nsoʼ,aa,26,7,12
lamu1254,Lamalama,er,26,0,3
lamu1254,Tableland Lamalama,er,26,0,3
lang1320,Langi,ph,32,0,20
lang1322,Lango,gm,16,6,10
lang1324,Lango,gm,18,2,20
laoo1244,Lao,ea,63,0,45
laoo1244,Lao,ph,28,0,12
lara1258,Larrakia,er,18,0,6
lara1260,Larantuka Malay,gm,19,0,6
lard1243,Lardil,er,17,0,8
latu1238,Latunde,saphon,12,0,16
lave1249,BRAO,upsid,22,0,9
lavu1241,Lavukaleve,ph,15,0,5
lazz1240,Laz,ea,157,0,27
lazz1240,Laz,ph,27,0,5
leal1235,Chinanteco,ph,28,0,7
leco1242,Leco,saphon,24,0,6
lega1249,lega-shabunda,gm,18,6,14
legb1242,Leggbo,gm,38,3,12
lele1264,LELEMI,upsid,22,0,12
lele1266,Lele,gm,19,2,7
lele1276,lele,aa,23,3,10
lele1276,Lele,gm,23,3,10
lena1238,LENAKEL,upsid,15,0,6
lend1245,lendu,aa,43,4,8
leng1258,Lengola,gm,24,3,5
leni1238,Linngithigh,er,24,0,5
lepc1244,Lepca,ra,26,0,10
lese1243,Balese,gm,29,3,10
leti1246,Leti,gm,10,0,12
lezg1247,Lezgian,ea,126,0,17
libe1240,Liberian English,gm,24,0,12
libe1247,kpelle,aa,21,3,21
libe1247,Kpelle,spa,32,3,14
libe1247,KPELLE,upsid,22,0,12
liby1240,Lebanese Arabic,ph,34,0,16
ligb1244,ligbi,aa,22,2,14
ligu1248,Ligurian,ea,24,0,21
liji1238,Jili,ph,29,3,16
lika1243,Lika,gm,33,3,9
limb1268,limbum,aa,22,6,7
limb1268,limbum (central),gm,23,0,18
limb1268,limbum (northern),gm,23,0,10
limb1268,limbum (southern),gm,37,0,15
ling1263,lingala,aa,15,0,7
lish1246,NEO-ARAMAIC,upsid,24,0,16
lisu1250,Lisu,ea,32,0,10
lisu1250,Lisu,ph,25,6,8
lith1251,Lithuanian,ea,161,0,55
lith1251,Lithuanian,spa,36,0,11
lith1251,LITHUANIAN,upsid,36,0,16
livv1244,Livonian,ea,23,0,8
lizu1234,Lizu,ea,50,0,8
logb1245,Logba,gm,25,3,7
logo1259,Logo,gm,27,3,9
loko1255,lɔkɔ,aa,18,0,7
loma1260,Looma,gm,21,2,28
loma1260,lɔgɔmagooi,aa,28,0,14
long1387,longto,gm,20,4,7
loni1238,Loniu,ph,16,0,7
loth1237,Lotha,ra,35,3,8
lowa1242,gLo Tibetan,ea,35,0,8
lowa1242,South Mustang Tibetan,ea,35,0,7
lowe1385,Lower Sorbian,ea,35,0,7
lowe1402,Ngayawang,er,20,0,3
lowe1415,DANI,upsid,12,0,12
lowe1436,Lower Southern Aranda,er,40,0,4
loxi1235,Zapotec,ph,23,0,7
luch1239,Lucazi,ph,32,0,10
lugb1240,Logbara,spa,26,3,13
lugb1240,lugbara,aa,26,3,10
lugb1240,LUGBARA,upsid,26,0,10
luis1253,Luiseno,spa,23,0,11
luis1253,LUISENO,upsid,21,0,5
lukp1238,lokpa,aa,17,0,20
lumu1239,Lumun,gm,17,2,16
lund1266,Lunda,ph,22,0,10
luok1236,dholuo,aa,26,3,9
luok1236,Luo,spa,23,3,9
luok1236,LUO,upsid,23,0,9
lush1249,Lushai,ra,33,4,6
lush1252,LUSHOOTSEED,upsid,33,0,4
lusi1240,KALIAI,upsid,16,0,5
luth1234,Luthigh,er,18,0,4
luuu1242,Lue,ea,21,0,18
luuu1242,LUE,upsid,22,0,9
luva1239,Luvale,spa,22,4,10
luwo1239,Luwo,gm,19,3,10
luxe1241,Luxembourgish,ea,26,0,22
luxe1241,Luxembourgish,uz,24,0,22
luya1241,Louyi,ph,17,0,5
lyel1241,Lele (Lyélé),ph,21,3,10
lyel1241,lyélé,aa,24,4,16
maas1239,fulfulde,aa,27,0,10
maay1238,Maay,gm,22,0,10
maba1273,Mabaan,gm,19,4,22
maba1277,MABA,upsid,22,0,7
maca1259,Macaguán,saphon,16,0,6
maca1260,Maka,saphon,22,0,10
mace1250,Macedonian,ea,26,0,6
mace1250,Macedonian,ph,26,0,6
mach1266,machame,gm,33,3,10
mach1267,Matsigenka,saphon,18,0,9
mach1268,Manchinere,saphon,13,0,5
macu1259,Macushi,saphon,10,0,12
macu1260,Macuna,saphon,10,0,12
mada1282,mada,gm,23,5,13
mada1293,Mada,ph,22,5,13
madh1244,Madhi-Madhi,er,16,0,4
madi1260,pandikeri,aa,24,4,10
madi1261,Ma''di',ph,45,0,9
madn1237,Matngele,er,17,0,5
mafe1237,Mavea,uz,19,0,5
maga1260,Magahi,ea,34,0,16
maib1239,Maybrat,ph,11,0,5
mait1250,Maithili,ea,26,0,25
mait1250,Maithili,ra,34,0,8
maka1304,mekaa,aa,30,4,21
maka1311,Makassar,gm,18,0,5
mako1251,Shimakonde,ph,18,5,5
maku1278,Makuráp,saphon,10,0,10
mala1464,Malayalam,ea,38,0,15
mala1464,Malayalam,ra,30,0,13
mala1481,Manado Malay,gm,19,0,6
mala1522,Damana,saphon,20,0,7
malg1242,Malkana,er,20,0,6
mall1246,Mal,ph,17,2,22
maln1239,Malngin,er,17,0,4
malo1243,Tamambo; Malo,ph,16,0,5
malt1254,Maltese,ea,24,0,11
malt1254,Maltese,spa,45,0,10
maly1234,Malyangapa,er,21,0,6
mama1271,minyanka,aa,29,2,19
mama1278,Mamaindé,saphon,14,0,20
mamb1294,Mambay; Mambai,ph,26,4,24
mamb1296,cilungu,gm,19,7,10
mamm1241,Western Mam; Tacanec,ph,33,0,10
mamp1244,mampruli,aa,22,0,10
mamp1244,Mampruli,gm,24,2,10
mana1288,Manange,ea,30,0,11
mana1288,Manange,ph,30,5,10
mana1295,Manam,ph,13,0,5
manc1252,MANCHU,upsid,18,0,7
mand1415,MANDARIN,upsid,25,0,7
mand1415,Mandarin Chinese,spa,27,4,12
mand1415,Standard Chinese,ea,25,0,21
mand1415,Standard Chinese; Mandarin,ph,24,4,21
mand1436,Mandingo,ph,19,5,10
mang1381,Mangarrayi,er,17,0,5
mang1382,Mengerrdji,er,18,0,5
mang1383,Mangala,er,17,0,7
mang1394,mangbetu,aa,36,2,9
mani1292,Manipuri,ph,25,2,6
mani1292,Manipuri,ra,27,3,8
mann1248,Mano,gm,22,3,14
mans1258,Northern Mansi,ea,20,0,11
many1256,Manjiljarra,er,17,0,6
many1261,Manya,gm,18,2,7
maon1238,Mao-Naga,ra,20,4,6
maor1246,Maori,spa,10,0,10
mapo1246,Mapoyo,saphon,12,0,7
mapu1245,Araucanian,spa,20,0,6
mapu1245,ARAUCANIAN,upsid,20,0,6
mapu1245,Mapudungun,saphon,22,0,6
maqu1238,Yekwana,saphon,12,0,14
mara1378,Marathi,ra,42,0,13
mara1385,Mara,ph,19,0,5
mara1385,Marra,er,19,0,4
mara1386,Maranungku,spa,19,0,5
mara1404,MARANAO,upsid,13,0,4
marg1251,Marrgu,er,23,0,3
marg1253,Margany,er,25,0,6
marg1265,Margi,spa,36,2,6
marg1265,MARGI,upsid,30,0,4
mari1417,Marramaninyshi,er,16,0,4
mari1419,Marringarr,er,28,0,4
mari1424,Marrithiyel,er,20,0,4
mart1254,Marti Ke,er,27,0,4
mart1255,Martuthunira,er,20,0,6
marw1260,Marwari,ph,36,0,10
masa1299,Orusyan,gm,51,0,12
masa1300,Maasai,spa,21,4,18
masa1300,MAASAI,upsid,19,0,9
matb1237,Matbat,ph,15,0,5
mati1255,Matís,saphon,15,0,6
mato1253,Arára do Mato Grosso,saphon,19,0,14
mats1244,Matses,ph,15,0,6
mats1244,Matsés,saphon,15,0,6
matu1259,matuumbi,gm,15,3,5
maun1240,Maung,spa,19,0,5
maun1240,MAUNG,upsid,17,0,5
maun1240,Mawng,er,17,0,5
mawa1270,Mawa,gm,24,3,6
maxa1247,MAXAKALI,upsid,10,0,10
maxa1247,Maxakalí,saphon,10,0,10
maya1280,Mayi-Kutuna,er,18,0,3
mayi1235,Mayi-Yapi,er,18,0,3
mayi1236,Mayi-Kulan,er,18,0,3
mayo1261,Mayogo,gm,33,3,10
maza1291,Mazanderani,ph,22,0,7
mbaa1245,MBA-NE,upsid,24,0,7
mbab1239,Mbabaram,er,15,0,12
mbab1239,MBABARAM,upsid,20,0,4
mbal1255,Mbalanhu,gm,23,2,6
mbar1253,Rimanggudinhma,er,24,0,5
mbar1254,Mbara,er,17,0,10
mbay1241,Mbay,gm,22,3,19
mbee1249,mbe,gm,26,4,7
mbee1250,Mbe,gm,48,2,7
mbiy1238,Mbiywom,er,23,0,6
mboc1235,Mbo (Ekanang),gm,19,2,14
mboc1235,Mbo (Ngwatta),gm,21,2,13
mboc1235,mboó,aa,20,4,7
mbuk1240,mbukushu,gm,22,0,7
mbuk1243,Mbuko,gm,34,3,8
mbum1254,MBUM,upsid,30,0,8
mbuu1238,Ajumbu,gm,26,3,10
mbya1239,Mbyá,saphon,14,0,12
medu1238,Medumba,ph,16,0,9
meen1242,Me'en,gm,26,0,14
mehi1240,Mehináku,saphon,13,0,10
mehr1241,Mehri,ea,31,0,14
mend1266,mende,aa,23,4,7
mere1246,Mere,gm,33,3,8
merg1238,Myeik Burmese,ea,27,0,21
meru1245,Kimeru,gm,17,0,10
mesc1238,Chiricahua Apache,ph,31,4,16
mesq1240,Masqan,gm,34,0,7
meta1238,metta,aa,20,5,8
mewa1250,Mewati,ph,30,0,20
mezq1235,Otomi,spa,42,3,13
mfum1238,Mfumte,gm,74,5,10
mian1257,Mianmin,ph,13,4,8
mich1243,Michif,ph,25,0,16
mich1245,Michoacan Nahual,ph,20,0,5
miju1243,Mishmi,ra,34,4,16
mina1268,Minangkabau,gm,23,0,10
mind1253,FUZHOU,upsid,14,0,7
mind1253,Min Dong Chinese,ea,15,0,20
ming1252,Mingrelian,ea,92,0,16
ming1252,Mingrelian,ph,30,0,5
mini1256,"Huitoto, Minica",saphon,18,0,6
minj1242,Minjungbal,er,12,0,8
mink1237,Minkin,er,20,0,3
minn1241,XIAMEN,upsid,19,0,6
miny1240,Mising,ra,34,3,9
mira1251,Mirandese,ea,22,0,27
mira1254,Miraña,saphon,17,0,14
miri1266,Miriwoong,er,16,0,4
mith1236,Mithaka,er,26,0,3
miya1259,Miyako,ea,14,0,5
mmaa1238,Numala,gm,23,2,9
mman1238,Mmani,gm,22,0,14
mmen1238,Mmen,ph,27,5,9
moch1256,Kimochi,gm,20,0,5
moch1259,Mochica,saphon,20,0,12
moco1246,Mocovi,ph,23,0,8
moco1246,Mocoví,saphon,21,0,8
mode1248,Greek,ea,24,0,5
mode1248,Greek,uz,54,0,10
mode1248,GREEK,upsid,21,0,5
mode1248,Modern Greek,spa,21,0,5
mofu1248,mofu-gudur,aa,35,2,7
mofu1248,"Mofu, South",gm,35,0,5
mogh1245,MOGHOL,upsid,24,0,5
mogh1246,Moghamo,gm,33,3,14
moke1242,Moken,gm,20,0,18
moke1242,Moken,ph,22,0,10
mokl1243,Moklen,gm,19,0,27
mokp1239,Mokpwe,gm,22,2,7
moks1248,Moksha,ea,68,0,13
mola1238,Molalla,ph,23,0,7
molo1266,Moloko,gm,31,6,10
mong1331,Mongolian,ea,32,0,14
mong1338,mongo-nkundu,gm,45,4,7
mono1269,Mono,gm,35,3,24
mono1270,Mono,ph,33,3,8
morb1239,MOR,upsid,14,0,5
mori1268,Mori Bawah,gm,22,0,5
mori1278,Mauritian Creole,gm,21,0,9
moro1284,Morokodo,gm,42,2,10
moro1285,MORO,upsid,22,0,7
moro1292,Moroccan Arabic,spa,74,0,4
moru1253,Moru,gm,26,3,9
mose1249,Moseten,ph,26,0,12
mose1249,Mosetén de Covendo,saphon,23,0,16
mose1249,Mosetén de Santa Ana,saphon,23,0,18
mose1249,Tsimané,saphon,23,0,18
moss1236,moore,aa,17,2,24
motl1237,Mwotlap,ph,15,0,7
movi1243,Movima,saphon,19,0,10
movi1243,MOVIMA,upsid,18,0,5
moyo1238,Moyon,ra,24,3,13
mpad1242,Kotoko,gm,30,4,6
mpal1238,Mpalitjanh,er,22,0,4
mpar1238,Central Arrernte,er,40,0,4
mpon1254,Mpumpun,ph,29,2,7
mudb1240,Mudburra,er,17,0,6
mudh1235,Kon̩ekar Gadaba,ra,19,0,12
mufi1238,Muhiang,ph,17,0,5
muin1242,Muinane,saphon,22,0,6
muin1242,MUINANE,upsid,22,0,6
mull1237,Malak-Malak,er,14,0,5
mull1237,MALAKMALAK,upsid,14,0,5
mulu1243,Muluridji,er,13,0,3
muna1247,Muna,ph,28,0,5
mund1320,Bhumij,ra,33,0,21
mund1320,Mundari,ea,23,0,5
mund1320,Mundari,ra,21,0,18
mund1320,Mundari,spa,32,0,5
mund1320,MUNDARI,upsid,32,0,5
mund1325,Mundang,gm,37,3,27
mund1326,mündü,aa,29,3,9
mund1327,mundani,aa,23,4,14
mund1328,Mundabli,gm,22,4,12
mund1330,Mundurukú,saphon,17,0,20
mund1330,Mundurukú,ph,17,2,20
mung1266,Mungaka,ph,21,3,9
muni1258,Muniche,saphon,22,0,5
munj1244,Munji,ea,35,0,9
mura1269,Kuninjku,er,22,0,5
murl1244,murle,aa,20,0,14
murl1244,MURSI,upsid,21,0,5
murr1258,MURINHPATHA,upsid,21,0,4
murr1259,Murrinh-patha,er,24,0,4
muru1266,Muruwari,er,19,0,6
muru1274,"Huitoto, Murui",saphon,14,0,6
muya1243,Muyang,gm,27,5,14
mvum1238,Mvumbo,ph,47,0,8
mwag1236,mwaghavul,aa,25,0,12
mwal1237,Mwali,gm,19,0,5
mwan1247,Kimwani,gm,21,0,5
mwan1250,muan,aa,21,6,12
myen1241,myene,gm,29,0,7
naas1242,Nasioi,spa,8,0,10
naas1242,NASIOI,upsid,8,0,5
nade1244,Nadëb,saphon,17,0,17
nafa1258,nafaanra,aa,25,0,19
naga1394,Nagamese,ph,26,0,21
naia1238,Mayali,er,22,0,5
naik1250,Naiki,ra,36,0,10
najd1235,Najdi Arabic,ea,25,0,8
naka1260,Nakara,er,20,0,5
naki1238,Naki,ph,36,0,8
nama1264,NAMA,upsid,32,0,9
nama1265,Nama,spa,19,6,8
nami1256,Namia,ph,9,0,6
nana1257,NANAI,upsid,18,0,6
nand1266,Nandi,ph,13,0,10
nang1259,Ngan'gityemerri,er,19,0,4
nang1259,Nganikurungkurr,ph,20,0,8
nank1250,Nankina,ph,14,0,6
nant1250,Nanti,saphon,18,0,9
napo1242,Napo Quichua,saphon,20,0,3
nara1262,Nara,uz,43,6,10
nara1262,NERA,upsid,17,0,5
nari1240,Laarim,gm,22,3,9
nari1241,Nari Nari,er,18,0,5
narp1239,Nar-Phu,ea,25,0,24
narr1259,Yaraldi,er,20,0,5
naru1238,Narrungga,er,21,0,6
nate1242,Nateni,gm,13,3,24
natu1246,NAMBAKAENGO,upsid,30,0,17
nauk1242,Naukan Yupik,ea,18,0,4
nava1243,Navaho,spa,36,2,16
nava1243,NAVAJO,upsid,31,0,16
nawd1238,nawdm,aa,21,0,14
nawu1242,Nawuri,gm,29,2,9
naxi1245,NAXI,upsid,38,0,11
ncan1245,Nchane,gm,17,6,18
ndai1238,Galke,gm,32,3,22
ndal1241,Chindali,gm,17,4,10
ndam1239,Ndamba,gm,19,0,5
ndem1249,Ndemli,ph,30,5,18
ndog1248,Ndogo,gm,29,4,5
ndon1254,ndonga,gm,25,0,5
ndon1254,Ndonga (Eunda),gm,29,2,5
ndon1254,Ndonga (Kolonkadhi),gm,29,2,5
ndon1254,Ndonga (Kwaluudhi),gm,29,2,5
ndra1239,Ndra'ngith,er,19,0,4
ndut1239,NDUT,upsid,27,0,7
ndzw1235,"Comorian, Ndzwani",gm,32,2,5
nene1249,NENETS,upsid,27,0,8
nene1249,Tundra Nenets,ea,77,0,26
nene1249,Yurak,spa,26,0,8
nepa1253,Dhangar,ph,34,0,5
nepa1254,Nepali,ea,29,0,15
nepa1254,Nepali,ra,35,0,12
nepa1254,Nepali,uz,53,0,21
newa1246,NEWARI,upsid,24,0,8
nezp1238,Nez Perce,spa,26,0,10
nezp1238,NEZ PERCE,upsid,25,0,5
ngaa1240,Ngaanyatjarra,er,17,0,6
ngad1258,Mirrniny,er,20,0,6
ngad1258,Ngadjunmaya,er,20,0,6
ngad1261,Ngad''a; Ngadha',ph,21,0,6
ngal1292,Dalabon,er,23,0,6
ngal1293,Ngalakan,ph,17,0,9
ngal1293,Ngalakgan,er,22,0,5
ngal1294,Ngaliwurru,er,17,0,4
ngam1268,ngambai,aa,18,3,13
ngam1284,Ngamini,er,22,0,3
ngan1291,Nganasan,ea,20,0,10
ngan1291,NGANASAN,upsid,20,0,9
ngan1295,Ngandi,er,26,0,9
ngan1296,Nganyaywana,er,14,0,3
ngan1299,gangam,aa,22,3,14
ngan1300,Ngandjera,gm,30,2,5
ngar1235,Ngarinyman,er,17,0,6
ngar1283,Ngarnka,er,17,0,4
ngar1284,NGARINJIN,upsid,18,0,6
ngar1284,Ngarinyin,er,17,0,5
ngar1286,Ngarla,er,17,0,6
ngar1287,Ngarluma,er,20,0,3
ngar1288,Ngardi,er,18,0,6
ngar1296,Ngarlawangka,er,17,0,6
ngar1297,Ngarigu,er,15,0,3
ngas1238,Ongamo,gm,22,0,9
ngas1240,angas,aa,24,3,9
ngas1240,Angas,spa,30,3,11
ngas1240,ANGAS,upsid,32,0,11
ngaw1240,Mayi-Thakurti,er,19,0,3
ngaw1240,Ngawun,er,18,0,3
ngaw1240,Wunumara,er,19,0,3
ngaz1238,Shindazidja,gm,41,2,5
ngba1285,ngbaka,aa,22,0,12
ngem1255,Ngemba,ph,29,2,9
ngie1241,Ngiemboon,gm,19,4,7
ngie1241,ngyembɔɔn,aa,17,4,7
ngin1247,Ngintait,er,20,0,3
ngit1239,Ngiti,gm,44,7,5
ngiz1242,NGIZIM,upsid,34,0,6
ngko1236,Ngkoth,er,19,0,7
ngom1271,Ngombale,ph,37,3,19
ngom1272,Ngomba,gm,19,2,6
ngos1238,Ngishe,ph,26,2,6
ngum1253,Ngumbarl,er,17,0,3
ngwe1238,ngwe,gm,24,0,14
nhan1238,Nhanda,er,27,0,6
nhen1239,Nheengatú,saphon,19,0,4
nhir1234,Nhirrpi,er,26,0,3
nhuw1239,Nhuwala,er,20,0,6
nias1242,Nias,gm,19,0,6
niel1243,LUA,upsid,23,0,13
niel1243,Lwaa,gm,25,3,31
nige1253,Fula (Nigeria),gm,28,0,10
nige1253,fulfulde (NGA),gm,47,0,10
nige1255,mambila,aa,25,2,16
nige1257,Nigerian Pidgin,ph,23,2,7
nija1241,Nyiyaparli,er,20,0,5
nija1241,Palyku,er,20,0,6
nima1245,Nimanburu,er,17,0,6
nina1238,Ninam,saphon,12,0,6
nina1238,SHIRIANA,upsid,13,0,12
ning1273,Ningil,ph,14,0,7
nisg1240,Nishgha,ph,32,0,10
niva1238,ASHUSLAY,upsid,22,0,6
niva1238,Chulupí,saphon,22,0,6
njeb1242,Nzɛbi,gm,24,2,8
njye1238,Njem,gm,20,2,20
nkon1248,Nkonya,gm,20,0,14
nobi1240,Mahas-Fiyadikka,spa,33,2,10
nobi1240,NUBIAN,upsid,16,0,5
noma1260,nɔmaa,aa,14,2,14
noma1263,Nomatsigenga,saphon,16,0,9
nonu1241,Nonuya,saphon,20,0,6
noon1243,NONI,upsid,19,0,14
nort1550,PICURIS,upsid,26,0,12
nort2626,Frisian,ph,23,0,19
nort2627,Low German,ph,23,0,14
nort2641,KURDISH,upsid,30,0,17
nort2641,Northern Kurdish,ea,30,0,8
nort2646,Yousafzai Pashto,ea,22,0,11
nort2647,Northwestern Pashto,ea,25,0,11
nort2671,Northern Saami,uz,63,0,11
nort2684,Northern Khmer,ph,24,0,19
nort2686,Northern Altai,ea,18,0,16
nort2690,UZBEK,upsid,24,0,6
nort2697,Azerbaijani,spa,25,0,9
nort2697,AZERBAIJANI,upsid,24,0,9
nort2697,North Azerbaijani,ea,24,0,15
nort2699,Kolami,ea,16,0,10
nort2699,Kolami,ra,21,0,13
nort2722,Northern Qiang,ea,78,0,58
nort2735,KAM,upsid,20,0,7
nort2740,Northern Thai,ea,21,0,12
nort2741,Northeastern Thai,ea,100,0,61
nort2745,Tundra Yukaghir,ea,20,0,19
nort2745,Yukaghir,spa,20,0,12
nort2745,YUKAGHIR,upsid,20,0,6
nort2765,kisiei,aa,22,0,20
nort2774,ngbandi,aa,19,0,12
nort2775,gbaya,aa,30,4,19
nort2780,dagara,aa,29,3,9
nort2784,nʋni,aa,21,3,30
nort2787,toussian,aa,16,5,14
nort2795,Ndebele,gm,61,2,5
nort2810,grebo,aa,19,4,13
nort2815,DINKA,upsid,19,0,13
nort2819,bobo,aa,20,2,18
nort2819,BOBO-FING,upsid,21,0,12
nort2819,"Bobo, North",gm,21,3,13
nort2828,North Maluku Malay,gm,21,0,6
nort2845,North Marquesan,ph,12,0,10
nort2938,Haida,spa,47,0,3
nort2938,HAIDA,upsid,46,0,3
nort2943,Iñupiaq; Iñupiat; Inupiat; Inupiaq,ph,24,0,3
nort2952,Maidu,spa,18,0,6
nort2952,MAIDU,upsid,17,0,6
nort2954,Northern Paiute,ph,14,0,10
nort2957,NAHUATL,upsid,16,0,4
nort2966,Northern Pomo,ph,29,0,10
nort2972,Northern Emberá,saphon,20,0,12
nort2976,Bolivian Quechua,saphon,25,0,3
nort2979,Huaylas-Conchucos Quechua,saphon,17,0,6
nort2980,North Junín Quechua,saphon,38,0,12
nort2980,Yaru Quechua,saphon,19,0,3
nort2984,Northern Pame,ph,40,2,12
nort3047,Gisiga,gm,29,5,3
norw1258,Norwegian,ea,24,0,16
norw1259,Norwegian,spa,27,2,19
norw1259,NORWEGIAN,upsid,22,0,24
ntch1242,Basari,gm,21,3,6
ntch1242,bassar,aa,21,3,6
ntch1242,N'cam,gm,21,3,19
ntom1248,Bokala-Nkole,gm,23,0,7
nubi1253,Nubi,ph,30,0,5
nucl1235,Armenian,spa,30,0,7
nucl1235,ARMENIAN,upsid,30,0,6
nucl1240,MUMUYE,upsid,23,0,11
nucl1290,Wa,ph,27,0,22
nucl1301,Turkish,ea,23,0,15
nucl1301,Turkish,spa,24,0,16
nucl1301,Turkish,uz,24,0,12
nucl1301,TURKISH,upsid,25,0,8
nucl1302,georgian,uz,28,0,5
nucl1302,Georgian,ea,28,0,5
nucl1302,Georgian,spa,29,0,6
nucl1302,GEORGIAN,upsid,28,0,6
nucl1305,Kannada,ea,34,0,10
nucl1305,Kannada,ra,36,0,11
nucl1310,Burmese,ea,33,0,21
nucl1310,Burmese,spa,34,3,13
nucl1310,Burmese,uz,33,4,19
nucl1310,BURMESE,upsid,33,0,13
nucl1327,Limilngan,er,22,0,3
nucl1339,TEMEIN,upsid,18,0,7
nucl1347,wolof,aa,38,0,16
nucl1347,Wolof,spa,26,0,14
nucl1347,WOLOF,upsid,26,0,14
nucl1417,igbo,aa,28,0,8
nucl1417,Igbo,spa,46,3,16
nucl1417,Igbo,uz,24,3,8
nucl1417,IGBO,upsid,43,0,16
nucl1418,bassa,aa,22,7,7
nucl1440,Masalit,gm,31,4,10
nucl1454,YAWA,upsid,14,0,5
nucl1460,Madurese,gm,27,0,8
nucl1620,WAHGI,upsid,17,0,6
nucl1632,Sentani,spa,10,0,7
nucl1632,SENTANI,upsid,10,0,7
nucl1633,NIMBORAN,upsid,12,0,6
nucl1634,Skou,ph,13,3,7
nucl1643,Japanese,spa,27,2,11
nucl1643,Japanese,uz,16,0,5
nucl1643,JAPANESE,upsid,15,0,5
nucl1649,TSIMSHIAN,upsid,38,0,3
nucl1668,Katukína,saphon,12,0,8
nucl1683,daba,aa,36,5,6
nucl1683,Daba,gm,36,4,6
nucl1695,Bole,ph,28,0,10
nucl1696,Tangale,gm,40,2,18
nucl1729,Tamang,ea,37,0,16
nuer1246,Nuer,gm,20,0,28
nuer1246,Nuer,ph,20,0,28
nugu1241,Nukunu,er,22,0,6
nugu1242,nugunu,aa,15,4,7
nugu1242,Nugunu,gm,24,4,7
nuka1242,Nukak,saphon,12,0,12
nuku1263,Nukini,saphon,14,0,6
nung1283,LUNGCHOW,upsid,21,0,11
nung1290,Nunggubuyu,spa,19,0,5
nung1290,NUNGGUBUYU,upsid,19,0,4
nung1290,Wubuy,er,19,0,6
nung1291,Nungali,er,14,0,3
nupe1254,nupe,aa,25,5,8
nuuc1236,Nootka,ph,37,0,10
nuuc1236,Nootka,spa,37,0,10
nuuc1236,TSESHAHT,upsid,37,0,5
nyab1255,niaboua,aa,24,4,16
nyah1250,NYAH KUR,upsid,26,0,24
nyam1271,Nyamal,er,17,0,6
nyam1276,Kinyamwezi,ph,36,3,14
nyam1277,Kinyambo,gm,20,3,10
nyam1285,Nyam,gm,39,3,14
nyan1301,Nyangumarta,er,17,0,4
nyan1301,Nyangumata,spa,20,0,7
nyan1307,Runyankore,ph,20,0,8
nyan1313,NYANGI,upsid,18,0,7
nyaw1245,Nyaw,ea,39,0,23
nyaw1247,Nyawaygi,er,12,0,6
nyeu1238,Nyeu,ph,20,0,20
nyig1240,Nyikina,er,17,0,3
nyis1236,Dafla,spa,16,2,9
nyis1236,DAFLA,upsid,15,0,9
nyol1238,Nyole,gm,24,2,10
nyon1241,Bali-Kumbat,ph,23,5,14
nyul1247,Nyulnyul,er,17,0,3
nyun1247,Balardung,er,17,0,5
nyun1247,Minang,er,17,0,5
nyun1247,Wiilman,er,17,0,5
nyun1247,Wudjari,er,17,0,5
nyun1247,Yuwat,er,17,0,5
nzim1238,Nzema,gm,24,2,14
obol1243,Obolo,ph,22,3,12
ocai1244,Ocaina,saphon,26,0,9
ocai1244,Ocaina,spa,27,2,9
ocai1244,OCAINA,upsid,25,0,9
occi1239,Occitan,ea,27,0,32
ofay1240,Ofayé,saphon,14,0,10
ogbi1239,OGBIA,upsid,24,0,10
okoo1245,Oko,gm,18,5,7
okuu1243,Oku,ph,18,4,7
olub1238,Lule,saphon,16,0,5
olub1238,Lulubo,gm,34,3,9
olut1240,Oluta Popoluca; Olutec,ph,20,0,12
omag1248,Omagua,saphon,13,0,5
onaa1245,Chon,saphon,21,0,8
onei1249,Oneida,spa,10,0,12
onge1236,Öñge; Ong; Onge,ph,16,0,8
opuu1239,Opo,gm,20,0,5
orej1242,Máíhɨki,saphon,14,0,6
oriy1255,Oriya,ea,31,0,11
oriy1255,Oriya,ra,31,0,12
orma1241,Orma,gm,23,0,10
ormu1247,ORMURI,upsid,25,0,6
orok1266,Lukundu,ph,22,0,7
orok1269,Orokaiva,ph,12,0,5
orow1243,Oro Win,saphon,12,0,6
osse1243,Iron Ossetic,ea,374,0,70
osse1243,Ossetian,ph,30,0,9
otor1240,Otoro,gm,30,0,14
otuh1238,Otuho,gm,33,3,20
oyka1239,Oykangand,er,23,0,5
paca1246,Pacahuara,saphon,16,0,4
paco1243,PACOH,upsid,18,0,15
paez1247,Paez,spa,29,0,10
paez1247,PAEZ,upsid,29,0,8
paez1247,Páez,saphon,33,0,16
pagi1243,Pagibete; Apakabeti; Apakibeti; Apagibete;Apagibeti; Pagabete,ph,42,2,7
pait1244,Paite,ra,19,5,6
pait1247,Pai Tavytera,saphon,15,0,12
paiw1248,Paiwan,ea,21,0,4
paiw1248,PAIWAN,upsid,22,0,4
paka1251,Bakanh,er,21,0,10
pala1344,Palauan,ph,10,0,12
pali1279,Palikúr,saphon,14,0,10
pall1243,Pallanganmiddang,er,20,0,5
palo1243,Ndut-Falor,gm,26,0,17
pamp1243,Kapampangan,ea,17,0,5
pamp1243,Kapampangan,gm,17,0,5
pana1294,Pana,gm,34,4,28
pana1305,Panamint,ph,23,0,13
pana1307,Panará,saphon,11,0,15
pang1287,Pangwa,gm,23,0,12
pang1290,Pagasinan,gm,16,0,5
panj1256,Panjabi,ea,27,0,17
panj1256,Punjabi,ra,32,3,19
panj1256,Punjabi,spa,50,3,20
pano1254,Katukína,saphon,15,0,4
pano1255,Panobo,saphon,14,0,4
pany1241,Panyjima,er,20,0,5
paok1235,"Pa-O, Taungthu",ph,20,3,11
papa1238,Totonac,spa,20,0,6
papa1238,TOTONAC,upsid,16,0,6
para1301,PARAUK,upsid,34,0,43
para1310,"Arára, Pará",saphon,11,0,6
para1311,Guarani,spa,24,0,12
para1311,GUARANI,upsid,24,0,12
para1311,Paraguayan Guaraní,saphon,18,0,12
para1312,Parakanã,saphon,12,0,5
para1315,Gavião do Pará,saphon,11,0,10
para1315,Parkateje,saphon,10,0,16
para1316,Paraujano,saphon,13,0,12
pare1266,Gorum,ea,16,0,10
pare1272,Paresí,saphon,15,0,4
park1239,podoko,aa,31,0,4
pate1247,Patep,ph,30,0,14
patt1248,Pat̩t̩an̩i,ra,38,0,6
paum1247,Paumarí,saphon,22,0,6
pech1241,PAYA,upsid,18,0,10
pemo1245,Pémono,saphon,12,0,7
pemo1248,Pemon,saphon,20,0,18
peng1244,Pengo,ra,22,0,10
pero1241,Pero,gm,18,2,10
peta1245,Petats,ph,15,0,15
peve1243,LAME,upsid,30,0,8
phai1238,Pray,ph,17,0,18
phal1254,Palula (Phalura),ph,30,0,10
phut1244,Phu Tai,ea,41,0,18
piap1246,Piapoco,saphon,15,0,4
piar1243,Piaroa,saphon,23,0,7
pich1237,Ashéninka,saphon,22,0,8
pila1245,Pilagá,saphon,18,0,4
pila1245,Pilaga; Pilagá,ph,18,0,4
pinj1244,Pinjarup,er,17,0,5
pint1250,Pintupi,er,17,0,6
piny1238,Pinyin,gm,42,5,19
pira1253,PIRAHA,upsid,8,0,3
pira1253,Pirahã,saphon,8,0,3
pira1254,Piratapuyo,saphon,12,0,12
pirl1238,Pirlatapa,er,22,0,3
pirr1240,Pirriya,er,19,0,5
pisa1245,Pisamira,saphon,11,0,6
pite1240,Pite Saami,ea,45,0,9
pite1240,Pite Saami,uz,43,0,9
pitj1243,Ngalia,er,17,0,6
pitj1243,Pitjantjatjara,er,17,0,6
pitj1243,Pitjantjatjara,uz,17,0,8
pitt1247,Pitta Pitta,er,21,0,5
plat1254,Malagasy,spa,31,0,5
plat1254,MALAGASY,upsid,21,0,4
plau1238,Mennonite Plautdietsch,uz,28,0,27
pnar1238,Pnar,ea,24,0,15
pohn1238,POHNPEIAN,upsid,14,0,6
poko1263,Pokot,gm,17,3,19
poli1260,Polish,ea,27,0,8
poli1260,Polish,ph,31,0,6
popt1235,JACALTEC,upsid,27,0,5
port1283,Portuguese,ea,21,0,20
port1283,Portuguese,spa,23,0,15
port1283,Portuguese (Brazilian),uz,20,0,27
port1283,Portuguese (European),uz,19,0,28
pott1240,Gadaba,ea,19,0,20
pott1240,Ollari,ra,22,0,12
poya1241,Poyanáwa,saphon,14,0,7
prin1242,Principense,gm,22,2,7
pudi1238,Putijarra,er,20,0,3
puel1244,Günün Yajich,saphon,29,0,7
puin1248,Puinave,saphon,8,0,11
pula1262,pular,aa,28,0,10
pula1263,pulaar,aa,28,0,10
pume1238,Pumé,saphon,23,0,15
punt1240,Punthamara,er,18,0,3
puoc1238,Ksingmul,ea,20,0,18
pure1242,Tarascan,spa,26,0,6
pure1242,TARASCAN,upsid,33,0,6
puri1258,Purki,ea,31,0,6
puri1262,Puri,saphon,12,0,6
puxi1242,Puxi,ea,36,0,30
pwon1235,PHLONG,upsid,25,0,12
pwon1235,Pwo Karen,ph,23,5,24
qaqe1238,BAINING,upsid,14,0,8
qaua1234,GELAO,upsid,31,0,12
qawa1238,Alacalufe,saphon,18,0,6
qawa1238,Kawesqar,saphon,18,0,6
qawa1238,QAWASQAR,upsid,16,0,3
qima1242,Agaw,ph,28,4,7
quec1382,Yuma,ph,28,0,10
quil1240,QUILEUTE,upsid,33,0,4
quio1240,HIGHLAND CHINANTEC,upsid,26,0,15
rajb1243,Rājbanshi,ea,34,0,9
rama1270,Rama,ph,19,0,9
ravu1237,Yerava,ra,23,0,16
rawa1265,Rawang,ea,20,0,14
reel1238,Thok Reel,gm,20,3,40
remb1249,Rembarrnga,er,22,0,6
rend1243,rendille,aa,21,2,10
resi1247,RESIGARO,upsid,30,0,5
resi1247,Resígaro,saphon,32,0,5
reun1238,Reunionnais,gm,30,0,12
reye1240,Reyesano,saphon,18,0,4
rikb1245,Rikbaktsa,saphon,14,0,14
rita1239,Ritharrngu,er,25,0,6
roma1326,Vallader Romansh,ea,27,0,19
roma1327,Romanian,ea,40,0,11
roma1327,ROMANIAN,upsid,22,0,10
roma1327,Rumanian,spa,22,0,9
rong1268,Ronga,gm,64,0,5
roto1249,ROTOKAS,upsid,6,0,5
ruka1240,RUKAI,upsid,23,0,4
rund1242,Rundi,ph,22,2,5
russ1263,Russian,ea,36,0,6
russ1263,Russian,spa,33,0,5
russ1263,RUSSIAN,upsid,33,0,5
russ1264,Buriat,ea,27,0,18
rusy1239,Rusyn,ea,37,0,7
rutu1240,RUTUL,upsid,59,0,5
saam1283,Lusaamia,gm,20,4,10
saan1246,Saanich,ph,35,0,5
saba1262,sabaot,aa,13,0,18
saba1265,Sa'ban,spa,38,0,8
saba1265,SA'BAN,upsid,19,0,7
saba1268,Sabane,ph,13,0,5
saba1268,Sabanê,saphon,11,0,5
saek1240,Saek,ea,23,0,21
saki1248,Sakirabiá,saphon,16,0,10
saki1248,Sakirabiá; Mekens,ph,15,0,20
sala1264,Salar,ea,31,0,12
sala1272,Salasaca Quichua,ph,24,0,5
sala1272,Salasca Quechua,saphon,23,0,3
sali1298,SALIBA,upsid,22,0,10
sali1298,Sáliba,saphon,20,0,10
samb1305,Samba Leko,ph,22,3,9
samo1303,Samo,ph,12,0,6
samr1245,Samre,ph,20,0,21
sand1273,Sandawe,gm,44,5,15
sand1273,SANDAWE,upsid,47,0,7
sang1328,sango,aa,52,10,24
sang1328,SANGO,upsid,26,0,11
sanj1284,"Tlacolula Valley Zapotec; Western Tlacolula Zapotec; Zapotec, San Juan Guelavía",ph,29,0,18
sanm1287,HUAVE,upsid,23,0,6
sanm1287,"Huave, San Mateo del Mar",ph,18,0,6
sanm1289,San Martin Quechua,saphon,15,0,3
sanm1295,Mixtec,spa,19,3,10
sanm1295,MIXTEC,upsid,15,0,10
sanm1298,Itunyoso Trique,uz,31,9,8
sans1269,Sanskrit,ra,37,0,8
sant1410,Santali,ea,26,0,31
sant1410,Santali,ra,35,0,11
sant1432,Santiago del Estero Quechua,saphon,20,0,5
sanu1240,Sanömá of Kolulu,saphon,10,0,21
sanu1240,Sanumá,saphon,11,0,13
sanu1240,Sanuma; Sanumá,ph,11,0,13
saop1235,"Kaingáng, São Paulo",saphon,13,0,14
saot1239,Saotomense,gm,19,0,13
sasa1249,Sasak,ph,19,0,11
sata1237,Satawalese,ph,29,0,13
sate1243,Sateré-Mawé,saphon,12,0,15
saur1248,Kanigke:rgotti,ra,32,0,10
saur1249,Malto,ea,24,0,10
saur1249,Malto,ra,24,0,10
sava1244,Savara,ph,19,0,11
savo1255,SAVOSAVO,upsid,17,0,5
saxw1241,"Saxwe, Gbe",gm,24,2,12
saya1246,Syan,gm,39,3,12
sayu1241,Popoluca de Sayula,ph,19,0,6
scot1243,Scots,ea,24,0,13
scot1245,Scottish Gaelic,ea,33,0,49
seba1251,Gura,gm,36,0,6
seba1251,Gyeto,gm,39,0,6
seba1251,Muher,gm,34,0,8
seco1241,Secoya,ph,12,0,6
seco1241,Secoya,saphon,14,0,12
seda1262,Sedang,spa,39,0,14
seda1262,SEDANG,upsid,41,0,14
seim1238,Seimat,ph,11,0,17
sekp1241,Likpe,gm,21,3,9
sela1259,Selaru,ph,14,0,5
sele1249,Sele,gm,18,3,12
sele1250,Selepet,spa,15,0,6
sele1250,SELEPET,upsid,15,0,6
selk1253,SELKUP,upsid,18,0,16
selk1253,Taz Selkup,ea,16,0,25
seme1247,Semelai,ph,33,0,18
sena1262,senoufo,aa,19,4,28
sene1264,Seneca,spa,11,0,16
sene1264,SENECA,upsid,11,0,8
sera1259,Siraiki,ph,48,0,35
serb1264,Serbian,ea,24,0,10
sere1260,sereer,aa,33,0,10
seri1257,Seri,ph,17,0,8
serr1255,Serrano,ph,33,0,9
sgaw1245,Karen,spa,27,3,9
sgaw1245,KAREN,upsid,27,0,9
shab1252,Shabo,ph,28,2,13
shal1242,Shanenawa,saphon,14,0,4
shan1277,Shan,ea,90,0,40
shan1282,Shanga,gm,22,3,12
shar1245,Arara do Acre,saphon,14,0,8
shar1245,Sharanawa,saphon,15,0,8
shas1239,SHASTA,upsid,17,0,4
shaw1249,Shawnee,ph,13,0,6
sheh1240,Jibbali,ea,30,0,8
sher1255,Solu Sherpa,ea,68,0,29
sher1258,Sherbro,gm,24,0,7
shil1265,Shilluk,gm,25,3,26
shin1264,Shina,ra,35,0,13
ship1255,Shipibo,saphon,16,0,8
shix1238,Shixing,ea,51,0,37
shix1238,Xumi,uz,102,4,27
shon1251,Shona,ph,37,0,5
shua1257,Jivaro,spa,16,0,8
shua1257,JIVARO,upsid,15,0,8
shua1257,Shuar,saphon,13,0,8
shum1243,Labrang Tibetan,ea,44,0,6
shus1248,SHUSWAP,upsid,37,0,7
shwa1239,Cwaya,gm,25,3,10
siam1242,Siamou,gm,22,5,14
sian1254,Saynawa,saphon,13,0,4
siar1238,Siar-Lak,ph,15,0,7
sich1238,Nuosu,ea,58,0,16
sida1246,Sidaama; Sidamo; Sidamic,ph,25,0,10
sikk1242,Denjongka,ea,37,0,28
siks1238,Blackfoot,ph,13,0,12
silt1240,Silt'i,gm,46,0,10
sind1272,Sindhi,ea,93,0,27
sind1272,Sindhi,ph,44,0,10
sind1272,Sindhi,ra,41,0,20
sinh1246,Sinhalese,spa,37,0,16
sinh1246,SINHALESE,upsid,22,0,14
sion1247,Siona,saphon,18,0,12
sion1247,SIONA,upsid,18,0,12
sipa1247,Sipakapense Maya,ph,22,0,10
siri1273,Siriono,spa,18,0,10
siri1273,SIRIONO,upsid,16,0,12
siri1273,Sirionó,saphon,18,0,12
siri1274,Siriano,saphon,11,0,12
siss1242,sissala,aa,46,2,45
siwi1239,Siwi,gm,26,0,12
siwu1238,Siwu,gm,20,3,14
skol1241,Skolt Saami,ea,51,0,24
slov1268,Slovene,ea,22,0,13
slov1268,Slovene,ph,21,0,16
slov1269,Slovak,ea,30,0,15
slov1269,Slovak,uz,29,0,15
soch1239,Sochiapan Chinantec,ph,18,7,14
sodd1242,Soddo,gm,34,0,7
soma1255,Somali,spa,30,2,20
soma1255,SOMALI,upsid,22,0,10
soni1259,soninke,aa,24,0,15
soni1259,soninke (kaedi (MRT)),gm,28,7,15
soni1259,sooninke,aa,34,4,14
sooo1256,Soo,gm,18,0,10
soqo1240,SOCOTRI,upsid,28,0,6
sora1254,Soːra,ra,21,0,10
sora1254,Sora,ea,18,0,8
sout2436,Southwestern Pashto,ea,26,0,7
sout2642,Southern Balochi,ea,24,0,8
sout2672,Southeastern Pashayi,uz,29,0,11
sout2674,SAAMI,upsid,39,0,6
sout2679,Võro,ea,26,0,18
sout2697,South Azerbaijani,ea,24,0,9
sout2729,Southern Pumi,ea,43,0,17
sout2746,Soutern Tai,ea,63,0,39
sout2750,Kolyma Yukaghir,ea,20,0,16
sout2750,Yukaghir (Kolyma),ph,21,0,12
sout2770,Ngunawal,er,19,0,6
sout2771,Djirringany,er,19,0,6
sout2771,Thawa,er,19,0,6
sout2774,ijo de l'est; Eastern Ijo,aa,24,2,18
sout2789,dagaare,aa,24,3,27
sout2790,Birifor,gm,25,0,27
sout2795,Nouni,gm,38,4,18
sout2807,Sesotho,ph,37,0,9
sout2828,Madi,gm,47,3,9
sout2832,Luanyjang Dinka,uz,20,4,39
sout2833,"Dinka, South Central",gm,20,3,37
sout2840,Bobo,ph,19,0,19
sout2844,Samo de Toma,ph,18,0,8
sout2856,South Efate,ph,15,0,5
sout2895,Southern Nuautl,ph,12,0,5
sout2918,Southern Sama,gm,17,0,6
sout2949,SOUTHERN KIWAI,upsid,12,0,7
sout2961,Tiwa,spa,26,3,12
sout2982,Pomo,spa,27,0,11
sout2982,POMO,upsid,27,0,5
sout2985,SIERRA MIWOK,upsid,15,0,6
sout2991,Quechua,spa,32,0,5
sout2991,QUECHUA,upsid,31,0,5
sout2994,SOUTHERN NAMBIQUARA,upsid,25,0,18
spit1240,Spiti Tibetan,ea,33,0,7
spok1245,Spokan,ph,38,0,5
squa1248,Squamish,spa,30,0,7
stan1288,Spanish,ea,37,0,33
stan1288,Spanish,spa,20,0,5
stan1288,Spanish,uz,18,0,20
stan1288,SPANISH,upsid,20,0,5
stan1289,Catalan,ea,75,0,29
stan1289,Catalan,ph,23,0,16
stan1290,French,ea,20,0,14
stan1290,French,spa,23,0,17
stan1290,French,uz,21,0,15
stan1290,FRENCH,upsid,21,0,16
stan1293,American English,uz,24,0,15
stan1293,English,ea,48,0,36
stan1293,English,spa,27,0,13
stan1293,English (American),uz,24,0,15
stan1293,English (Australian),uz,25,0,19
stan1293,English (British),uz,48,1,31
stan1293,English (New Zealand),uz,24,0,21
stan1295,German,ea,24,0,16
stan1295,German,spa,23,0,16
stan1295,German,uz,21,0,19
stan1295,GERMAN,upsid,22,0,19
stan1306,Malay,spa,21,0,6
stan1306,Standard Malay,uz,24,0,6
stan1318,Arabic,uz,29,0,8
stan1325,Latvian,ea,26,0,16
stod1241,Tod Tibetan,ea,35,0,6
stra1244,Salish,spa,36,0,7
suba1252,Kisimbiti,gm,23,2,14
subi1246,Subiya,ph,46,0,5
suda1236,arabe,aa,54,0,8
suen1241,SUENA,upsid,13,0,5
suga1248,Nizaa,gm,58,9,23
suii1243,Sui,ea,46,0,15
suii1243,SUI,upsid,47,0,7
suku1261,Sukuma,gm,38,5,14
sumb1240,Sisumbwa,gm,20,2,10
sumi1235,Sema,ra,35,3,11
sumi1235,Sumi,uz,32,3,6
sund1252,Sundanese,spa,19,0,7
suri1267,Suri,ph,22,2,7
surs1246,Sursurunga,ph,15,0,6
suru1262,Suruí,saphon,19,0,10
suru1263,Suruahá,saphon,18,0,5
susu1250,soso,aa,21,0,14
suya1243,Suyá,saphon,13,0,15
suya1243,Tapayuna,saphon,15,0,16
svan1243,Svan,ea,30,0,17
swah1253,swahili,aa,32,0,5
swah1253,Swahili,spa,31,0,5
swed1254,Swedish,ea,18,0,17
swed1254,Swedish,ph,18,0,17
swis1247,Swiss German,uz,27,0,29
swis1247,Zurich German,ea,26,0,29
sydn1236,Dharuk,er,16,0,3
sydn1236,Eora,er,16,0,3
taba1266,Chontal,spa,25,0,12
taca1256,Tacana,saphon,18,0,4
taca1256,TACANA,upsid,18,0,4
tach1250,SHILHA,upsid,28,0,3
tach1250,Tachelhit,gm,33,0,4
tach1250,Tashlhiyt Berber,uz,71,0,3
tada1238,Tadaksahak,gm,59,0,11
taga1270,Tagalog,ea,21,0,5
taga1270,Tagalog,gm,19,0,5
taga1270,Tagalog,spa,18,0,10
taga1270,TAGALOG,upsid,18,0,5
tagw1240,Tagwana,ph,23,0,22
taha1241,TAMASHEQ,upsid,25,0,12
taid1248,Tay Yo,ea,21,0,13
taid1249,Tay Daeng,ea,20,0,15
tain1252,Tai Nuea,ea,19,0,10
taji1245,Tajik,ea,23,0,6
talo1250,JOMANG,upsid,14,0,7
tama1331,TAMA,upsid,21,0,9
tama1365,tamasheq,aa,22,0,21
tami1289,Tamil,ea,24,0,12
tami1289,Tamil,ph,21,0,12
tami1289,Tamil,ra,32,0,11
tamn1235,Asmat,spa,14,0,5
tamn1235,ASMAT,upsid,11,0,6
tamp1252,TAMPULMA,upsid,24,0,9
tana1290,Tanacross,ph,35,5,14
tang1336,Tangkul Naga,ra,27,0,13
tani1257,Tanimuca-Retuarã,saphon,11,0,10
tapi1253,Tapieté,saphon,15,0,12
tapi1254,Tapirapé,saphon,13,0,10
tari1256,Tariana,saphon,23,0,15
tari1263,Shilha,spa,45,0,4
taro1263,tarok,aa,27,3,7
taro1263,TAROK,upsid,26,0,6
taro1264,Sedik,ph,33,0,10
tase1235,Tangsa,ra,23,0,6
tata1255,Tatar,ea,29,0,14
tata1257,Tatana''; Tatanaq; Tatana',ph,17,0,4
tatu1247,Tatuyo,ph,11,0,6
tatu1247,Tatuyo,saphon,11,0,6
taus1251,Tausug,ea,20,0,3
taus1251,Tausug (Suluk),uz,20,0,3
taus1253,Taushiro,saphon,12,0,5
tawa1286,tamajaq,aa,23,0,14
teda1241,teda,aa,24,0,11
tedi1235,TIDDIM CHIN,upsid,21,0,5
teee1242,Tee,gm,23,3,12
teen1242,téén,aa,28,0,10
tehu1242,Tehuelche,saphon,25,0,6
tehu1242,TEHUELCHE,upsid,28,0,7
teke1280,TEKE,upsid,21,0,7
tele1256,Telefol,spa,17,2,8
telu1262,Telugu,ea,33,0,11
telu1262,Telugu,ra,40,0,11
telu1262,Telugu,spa,47,0,21
telu1262,TELUGU,upsid,32,0,11
temb1276,Tembé,saphon,14,0,7
temi1246,Temiar,ea,19,0,30
temm1241,tem,aa,25,2,9
tena1240,Tena Quechua,saphon,21,0,3
teng1272,Tengger,gm,20,0,22
tenh1241,Tenharim,saphon,14,0,12
tepo1239,kroumen tépo,aa,17,4,18
tera1251,Tera,uz,35,3,15
tera1251,TERA,upsid,42,0,6
tere1279,Terêna,saphon,13,0,10
tern1247,Ternate,ph,20,0,5
ters1235,Ter Saami,ea,51,0,18
tese1238,These,gm,24,5,18
tetu1245,Tetun,gm,13,0,5
tetu1245,TETUN,upsid,14,0,5
tewa1260,Tewa,spa,34,4,19
texi1237,Texistepec Popoluca,ph,19,0,10
thad1238,Thaadou,ra,23,3,8
thai1261,Thai,spa,21,6,18
thai1261,Thai,uz,21,5,21
thai1261,THAI,upsid,21,0,9
thak1245,Thakali,ea,19,0,10
thay1248,Awu Alaya,er,23,0,8
thay1249,Thaayorre,er,16,0,10
thii1234,Thiin,er,20,0,6
thul1246,Thulung; Thulung Rai,ph,30,0,8
thur1254,Dharawal,er,19,0,6
thur1254,Dharumba,er,19,0,6
tiag1235,"Aizi, Tiagba",gm,24,0,8
tibe1272,Dingri Tibetan,ea,27,0,14
tibe1272,Drokpa Tibetan,ea,29,0,13
tibe1272,Lhasa Tibetan,ea,27,0,23
tibe1272,Shigatse Tibetan,ea,27,0,29
tibe1272,Tibetan,ph,24,2,8
ticu1245,Ticuna,saphon,15,0,18
ticu1245,Ticuna,spa,18,9,11
ticu1245,TICUNA,upsid,18,0,11
tiey1235,Tigemaxo Bozo,gm,19,3,14
tiga1245,TIGAK,upsid,12,0,5
tigo1236,Mbembe,gm,99,5,12
tigr1270,Tigre,spa,47,0,7
tigr1270,TIGRE,upsid,26,0,7
tigr1271,Tigrinya,gm,32,0,7
tika1246,tikar,aa,27,5,14
tilq1235,Tilquiapan Zapotec,ph,22,2,6
timn1235,Temne,uz,19,2,15
timn1235,TEMNE,upsid,17,0,8
timn1235,themne,aa,17,4,9
tini1245,Tinigua,saphon,22,0,18
tinp1237,Tinputz,ph,12,0,14
tira1254,Tira,gm,26,0,16
tiru1241,TIRURAY,upsid,16,0,6
tivv1240,Tiv,gm,31,3,6
tiwi1244,Tiwi,er,18,0,4
tiwi1244,Tiwi,ph,14,0,4
tiwi1244,TIWI,upsid,22,0,4
tlac1235,Tepehua,ph,24,0,10
tlin1245,TLINGIT,upsid,43,0,5
toar1246,TAORIPI,upsid,8,0,6
toba1269,Toba,saphon,38,0,16
toba1269,Toba (Argentina),ph,21,0,7
toca1235,Asuriní do Tocantins,saphon,11,0,5
toch1257,Tocco,gm,15,2,10
toda1252,Toda,ra,38,0,15
tofi1235,tɔfin,aa,23,4,14
toho1245,PAPAGO,upsid,19,0,5
toho1245,Pima,spa,19,0,10
tokp1240,Tapiete,ph,15,0,12
toll1241,TOL,upsid,22,0,6
tolo1259,Chasta Costa,spa,29,0,15
tolo1259,Tolowa; Tolowa-Chetco,ph,26,0,5
tong1318,Shanjo,gm,33,3,5
tong1325,Tongan; Tonga,ph,12,0,5
tonk1249,TONKAWA,upsid,15,0,10
topo1242,toposa,aa,17,1,9
toro1252,dogon,aa,21,0,21
toro1252,DOGON,upsid,16,0,12
torw1241,Torwali,ph,38,0,13
tosk1239,Albanian,spa,28,0,7
tosk1239,ALBANIAN,upsid,28,0,7
tosk1239,Tosk Albanian,ea,29,0,9
tote1238,Totela,ph,44,0,10
toto1305,MIXE,upsid,14,0,9
tour1242,toura,aa,19,4,27
tour1242,Toura,gm,21,4,14
trin1274,Trinitario,saphon,18,0,12
trio1238,Trió,saphon,10,0,14
trum1247,Trumai,saphon,23,0,6
trum1247,TRUMAI,upsid,18,0,6
tsam1247,Ts'amakko,gm,56,2,10
tsha1245,Tshangla,ea,32,0,7
tsha1245,Tshangla,ph,32,0,5
tsot1241,Lutsootso,gm,19,2,10
tsou1248,TSOU,upsid,15,0,6
tsuv1239,Tsuvadi; Avadi; Abadi; Evadi; Kamberi; Ibeto,ph,38,2,12
tsuv1239,Tsuvaɗi,gm,28,3,24
tuca1252,Tucano,saphon,15,0,12
tuka1248,Tukang Besi,ph,24,0,5
tuki1240,Tuki,gm,25,4,10
tuli1249,Tulishi,gm,37,3,19
tulu1258,Tulu,ea,21,0,14
tulu1258,Tulu,ra,23,0,12
tulu1258,TULU,upsid,24,0,13
tumt1243,Talasa,gm,39,2,14
tune1261,Nen,gm,17,2,7
tuni1251,Tounia,gm,24,3,13
tuni1252,Tunica,spa,18,0,7
tuni1252,TUNICA,upsid,17,0,7
tupa1250,Tuparí,saphon,14,0,15
tupi1273,Tupinambá,saphon,13,0,12
tupu1244,Tupuri,gm,28,4,24
turk1304,Turkmen,ea,21,0,16
tuuu1240,Mangghuer,ea,25,0,6
tuuu1240,Mongghul,ea,25,0,10
tuuu1240,MONGUOR,upsid,23,0,5
tuvi1240,TUVA,upsid,20,0,9
tuvi1240,Tuva; Tuvan,ph,21,0,16
tuvi1240,Tuvan,ea,28,0,24
tuyu1244,Tuyuca,saphon,11,0,12
twee1234,BANDJALANG,upsid,12,0,4
tyan1235,Thaynakwithi,er,19,0,10
tzel1254,Tzeltal,spa,25,0,5
tzel1254,TZELTAL,upsid,22,0,6
tzot1259,"Tzotzil, Chamula",ph,21,0,5
tzut1248,Tzutujil,ph,25,0,10
ucay1237,Ashéninka,saphon,24,0,8
udih1248,Udihe,ea,19,0,21
udmu1245,Udmurt,ea,108,0,34
uduk1239,Twampa,gm,23,0,5
uigh1240,Uyghur,ea,28,0,15
ukra1253,Ukrainian,ea,35,0,6
ukra1253,Ukrainian,ph,24,0,6
ulku1238,Olkol,er,23,0,5
ulwa1239,Sumo,ph,22,0,6
umbu1235,Umbugarla,er,17,0,8
umbu1256,Umbuygamu,er,27,0,5
umbu1257,umbundu,gm,20,0,10
umii1236,Umiida,er,20,0,5
umot1240,Umotína,saphon,12,0,8
umpi1239,Umpila,er,16,0,6
unam1242,Delaware,spa,22,0,17
ungg1243,Unggumi,er,19,0,5
uppe1395,Upper Sorbian,ea,33,0,9
uppe1400,Upper Saxon,ea,15,0,20
uppe1400,Upper Saxon,uz,16,0,19
uppe1439,UPPER CHEHALIS,upsid,30,0,4
uppe1455,Kriyol,gm,23,0,5
ural1274,Urali,ra,26,0,20
urar1246,Urarina,saphon,16,0,5
urdu1245,Urdu,ea,37,0,21
urdu1245,Urdu,ra,35,0,19
urii1240,Urii,ph,16,0,8
urni1239,Urningangg,er,18,0,5
urub1250,Kaapor,saphon,15,0,11
urue1240,Uru-Eu-Wau-Wau,saphon,14,0,12
uruu1244,Uru,saphon,23,0,10
usan1239,USAN,upsid,14,0,6
usar1243,Usarufa,ph,17,0,5
utes1238,Southern Ute; Ute; Ute-Southern Paiute,ph,19,0,18
vaag1238,Vaagri Boli,ra,23,0,14
vach1239,Eastern Khanty,ea,18,0,12
vagl1239,vagala,aa,24,0,30
vaii1241,Vai,ph,28,4,11
vame1236,Vame,gm,38,3,5
vani1248,VANIMO,upsid,12,0,16
varl1238,Varli,ea,28,0,18
veng1238,babungo,aa,56,9,17
veps1250,Veps,ea,34,0,10
viet1252,Vietnamese,ea,21,0,16
viet1252,Vietnamese,spa,21,6,12
viet1252,Vietnamese,uz,21,8,16
viet1252,VIETNAMESE,upsid,22,0,14
vile1241,Vilela,saphon,24,0,5
vlax1238,greek Thrace Xoraxane Romane,uz,27,0,12
vlax1238,Vlax Romani,ea,27,0,7
voti1245,Votic,ea,35,0,20
vute1244,vute,aa,30,5,24
waal1238,Waalubal,er,12,0,8
waam1244,waama,aa,13,3,25
wadi1260,Wathi Wathi,er,17,0,4
wadi1261,Wadikali,er,21,0,6
wadj1254,Patjtjamalh,er,17,0,5
waga1260,Eastern Wakaya,er,19,0,6
waga1260,Western Wakaya,er,20,0,6
wage1238,Wagiman,er,22,0,5
waim1251,RORO,upsid,9,0,5
waim1253,Waimiri-Atroarí,saphon,16,0,11
waim1255,Barasano,spa,11,2,12
waim1255,BARASANO,upsid,11,0,12
waim1255,Waimaha,saphon,10,0,12
waiw1244,Waiwai,saphon,14,0,6
waja1257,Watjarri,er,20,0,6
waju1234,Wajuk,er,17,0,5
waka1274,Waka Waka,er,13,0,10
wakh1245,Wakhi,ea,38,0,12
wala1263,Walangama,er,19,0,9
walm1241,Walmajarri,er,17,0,6
walu1241,Walungge,ea,32,0,14
wamb1258,Wambaya,er,17,0,6
wamb1259,Wambon,ph,16,0,10
wame1240,KONYAGI,upsid,39,0,7
wami1239,Agwamin,er,15,0,6
wand1263,Warndarrang,er,17,0,3
wand1278,Mandara,gm,45,2,5
wane1241,Waneci,ea,23,0,7
wang1288,Wangkajunga,er,17,0,6
wang1289,Wangkayutyuru,er,21,0,5
wang1290,Wangkangurru,er,21,0,3
wang1291,Ngiyambaa,er,15,0,6
wang1291,NGIYAMBAA,upsid,15,0,3
wanm1242,Warnman,er,17,0,6
wann1242,wan,aa,21,3,12
want1252,WANTOAT,upsid,14,0,7
wany1244,Wanyjirra,er,17,0,4
wany1247,Waanyi,er,14,0,6
waor1240,AUCA,upsid,11,0,10
waor1240,Waorani,saphon,12,0,20
wapi1253,Wapichana,saphon,18,0,4
wapi1253,Wapishana,spa,17,0,12
wapi1253,WAPISHANA,upsid,17,0,8
wapp1239,WAPPO,upsid,30,0,5
wara1290,WARAY,upsid,16,0,5
wara1290,Warray,er,16,0,5
wara1303,Warao,saphon,11,0,5
wara1303,WARAO,upsid,11,0,10
ward1246,Wardaman,er,17,0,5
ward1248,Wardandi,er,17,0,5
wari1262,Warriyangga,er,20,0,6
wari1266,WARIS,upsid,13,0,9
wari1268,Wari; Wari''; Wariʔ; Oro Nao',ph,14,0,6
wari1268,Wari',saphon,15,0,6
warl1254,Warlpiri,er,18,0,6
warl1255,Warlmanpa,er,22,0,6
warl1256,Warluwarra,er,29,0,4
warr1255,Warrgamay,er,13,0,6
warr1257,Warrnambool,er,20,0,6
warr1258,Warrwa,er,17,0,3
waru1264,Warungu,er,13,0,4
waru1265,Warumungu,er,22,0,6
wash1253,Washo,ph,26,0,6
wath1238,Wathawurrung,er,20,0,3
waur1244,Waurá,saphon,16,0,10
wawa1246,Wawa,gm,30,3,16
waya1269,Wayana,ph,9,0,7
waya1269,Wayana,saphon,9,0,7
waya1270,Wayampi,saphon,28,0,23
wayi1238,Wayilwan,er,15,0,6
wayu1241,Hayu,ea,26,0,28
wayu1243,Goajiro,spa,28,0,18
wayu1243,GUAJIRO,upsid,14,0,12
wayu1243,Wayúu,saphon,14,0,6
wehh1238,Weh,gm,37,3,7
wels1247,Welsh,ea,29,0,19
wemb1241,Wemba Wemba,er,16,0,6
weno1238,wobé,aa,15,6,27
werg1234,Piangil,er,17,0,4
west2354,Frisian,ea,19,0,32
west2368,Western Balochi,ea,95,0,49
west2369,Farsi,ea,23,0,6
west2369,FARSI,upsid,24,0,6
west2369,Persian,spa,24,0,6
west2369,Persian,uz,23,0,6
west2392,Hill Mari,ea,47,0,20
west2397,BRUU,upsid,20,0,22
west2408,Muria Gondi,ea,21,0,5
west2437,Ngardily,er,18,0,6
west2441,Arrarnte,ph,26,0,3
west2441,Western Arrernte,er,40,0,4
west2442,Western Anmatyerre,er,40,0,4
west2443,East Djadjawurung,er,17,0,4
west2443,West Djadjawurung,er,17,0,4
west2450,limba,aa,17,0,7
west2454,fulfulde,aa,27,0,5
west2456,western xwla,gm,29,3,13
west2458,"Banda, West Central",gm,31,5,10
west2466,karaboro,aa,20,4,21
west2500,mande,aa,20,0,7
west2560,"Bajau, West Coast; Land Bajaw; West Coast Bajao",ph,17,0,6
west2600,WEST MAKIAN,upsid,17,0,6
west2632,ACOMA,upsid,39,0,12
west2644,CHATINO,upsid,16,0,9
west2650,Cham,spa,24,2,9
west2650,CHAM,upsid,21,0,11
wich1260,Wichita,spa,21,0,8
wich1260,WICHITA,upsid,21,0,8
wich1264,Wichí,saphon,23,0,5
wikm1247,Wik Mungkan,er,16,0,10
wikm1247,Wik-Munkan,spa,13,0,10
wikm1247,WIK-MUNKAN,upsid,13,0,5
wikn1245,Wik-Ngathan,er,16,0,12
wikn1246,Kugu Nganhcara,er,20,0,10
wint1259,WINTU,upsid,30,0,5
wira1260,Wirangu,er,19,0,4
wira1262,Wiradjuri,er,15,0,6
wirr1237,Wiriyaraay,er,15,0,6
wiyo1248,WIYOT,upsid,24,0,5
woge1237,Wogeo,ph,15,0,5
woiw1237,Boonwurrung,er,20,0,3
woiw1237,Woiwurrung,er,20,0,3
wola1242,Welamo,gm,38,0,10
wong1246,Kungardutji,er,26,0,4
wong1246,Wangkumara,er,26,0,4
wong1247,Wongo,gm,15,2,7
wori1245,Katthang,er,13,0,6
worr1237,Worrorra,er,17,0,8
wotj1234,Wotjobaluk,er,15,0,4
woun1238,Woun Meu,saphon,19,0,14
wuch1236,CHANGZHOU,upsid,25,0,9
wuch1236,Wu,spa,29,3,9
wulg1239,Wulguru,er,15,0,6
wuli1242,Wuli Wuli,er,13,0,10
wuna1249,Wunambal,er,17,0,11
wurr1238,Wurrugu,er,20,0,3
wuzl1236,Ouldeme,gm,34,3,5
wymy1235,Wymysorys,ea,20,0,15
xamt1239,Xamtanga,gm,23,0,7
xava1240,Xavánte,saphon,11,0,13
xere1240,Xerénte,saphon,13,0,14
xeta1241,Xetá,saphon,13,0,11
xhos1239,Xhosa,gm,75,2,7
xing1248,Asurini do Xingú,saphon,16,0,11
xipa1240,Xipaya,saphon,14,0,9
xiri1243,Xiriâna,saphon,19,0,5
xokl1240,Xokleng,saphon,19,0,18
xwel1235,xwela,gm,29,3,13
yaba1248,Yabarana,saphon,11,0,7
yadh1237,Yadhaykenu,er,18,0,8
yaga1260,YAGARIA,upsid,14,0,9
yaga1262,Turubul,er,13,0,6
yaga1262,Yagara,er,13,0,6
yagn1238,Yaghnobi,ea,27,0,9
yagu1244,Yagua,saphon,11,0,12
yagu1244,YAGUA,upsid,11,0,12
yaku1245,Sakha,ea,20,0,20
yaku1245,Yakut,spa,33,0,16
yaku1245,YAKUT,upsid,22,0,12
yala1262,Yalarnnga,er,20,0,4
yala1263,yala,gm,28,3,7
yalu1240,Jalonke,ph,19,0,14
yama1264,Yahgan,saphon,15,0,5
yamb1251,yamba,aa,26,4,8
yamb1252,yambɛta,aa,18,2,8
yame1242,Yameo,saphon,10,0,8
yami1256,Yaminawa,saphon,14,0,8
yana1271,YANA,upsid,22,0,8
yand1251,Yanda,er,21,0,3
yand1253,Yandruwandha,er,26,0,4
yane1238,Amuesha,spa,23,0,6
yane1238,AMUESHA,upsid,23,0,3
yane1238,Yánesha,saphon,24,0,9
yang1288,Yangman,er,17,0,5
yank1247,Yankunytjatjara,er,17,0,6
yann1237,Nhangu,er,25,0,6
yano1261,Yanomamɨ of Parawau,saphon,11,0,21
yano1261,Yanomamɨ of Venezuela,saphon,12,0,21
yano1261,Yanomamö,saphon,12,0,7
yano1262,Yanomae of Demini/Tototopi,saphon,13,0,21
yano1262,Yanomama of Papiu,saphon,12,0,21
yano1262,Yanomámi,saphon,13,0,7
yano1262,Yãroamë of Serra do Pacu/Ajarani,saphon,11,0,18
yans1239,Yanzi,gm,17,3,22
yany1243,Yanyuwa,er,20,0,4
yany1243,YANYUWA,upsid,29,0,3
yaoo1241,yao,gm,18,4,7
yaou1238,yaouré,aa,23,4,18
yape1248,Yapese,ph,28,0,16
yaqu1251,YAQUI,upsid,17,0,5
yard1234,Yardliyawarra,er,21,0,6
yare1248,YAREBA,upsid,13,0,5
yari1243,Yari-Yari,er,20,0,3
yavi1244,Yavitero,saphon,17,0,4
yawa1258,Yawarrawarrka,er,26,0,4
yawa1260,Shanenawa,ph,14,0,4
yawa1260,Yawanawa,saphon,15,0,4
yawa1261,Yawalapití,saphon,17,0,4
yawi1239,Yawijibaya,er,20,0,5
yawu1244,Yawuru,er,22,0,6
yayg1236,Yaygir,er,14,0,6
yekh1238,Etsako,ph,26,3,7
yemb1246,yemba,aa,21,6,8
yemb1246,Yemba,gm,17,3,7
yems1235,Yemsa,gm,25,5,10
yeru1240,Yerukala,ra,20,0,18
yess1239,YESSAN-MAYO,upsid,16,0,4
yeyi1239,Yeyi,ph,77,0,13
yidi1250,Yidiny,er,13,0,6
yidi1250,YIDINY,upsid,13,0,3
yill1241,Yil,ph,12,0,11
yind1247,Yindjibarndi,er,19,0,6
yind1247,Yinhawangka,er,20,0,6
yine1238,Yine,ph,16,0,10
yine1238,Yine,saphon,16,0,10
ying1247,Yingkarta,er,20,0,6
yinw1236,Yinwum,er,23,0,4
yiry1245,Yir Yoront,er,20,0,6
yith1234,Yitha Yitha,er,20,0,3
yomm1242,yom,aa,25,4,9
yong1270,Yongning Na,ea,37,0,10
yora1241,Yora,saphon,14,0,8
yort1237,Yabula-Yabula,er,15,0,5
yort1237,Yorta Yorta,er,14,0,5
yoru1245,yorouba,aa,37,3,23
yoru1245,YORUBA,upsid,18,0,11
yuca1254,YUCATEC,upsid,20,0,10
yuch1247,Euchee; Yuchi,ph,38,0,11
yuch1247,Yuchi,spa,38,0,26
yuch1247,YUCHI,upsid,38,0,8
yucu1253,Yucuna,saphon,16,0,5
yucu1253,YUCUNA,upsid,16,0,5
yuec1235,Cantonese,spa,22,5,5
yuec1235,Chinese,uz,21,6,21
yuec1235,TAISHAN,upsid,20,0,5
yuec1235,Yue Chinese,ea,19,0,22
yuga1244,Yugambal,er,13,0,3
yugu1249,Bundjalung,er,12,0,8
yuhu1238,Yuhup,saphon,20,0,15
yuki1243,Yuki,ph,24,0,6
yukp1241,Yukpa,saphon,27,0,12
yulp1239,Yulparija,er,17,0,6
yulu1243,YULU,upsid,35,0,7
yuqu1240,Yuqui,saphon,20,0,20
yura1255,Yuracure,ph,18,0,7
yura1255,Yurakaré,saphon,18,0,7
yuro1248,Yurok,ph,23,0,12
yuru1263,Yurutí,saphon,11,0,6
yuwa1242,Yuwaalaraay,er,15,0,6
yuwa1243,Yuwaliyaay,er,15,0,6
yuwa1244,Hoti,saphon,21,0,14
zagh1240,Beria,gm,21,3,9
zaiw1241,Zaiwa,ph,21,3,8
zand1248,AZANDE,upsid,19,0,16
zand1248,zande,aa,24,3,5
zapa1253,Záparo,saphon,14,0,8
zarm1239,zarma,aa,20,4,16
zays1236,Zayse,gm,27,0,5
zayy1238,Zway,gm,23,0,14
zhon1235,Zhongu Tibetan,ea,59,0,9
zinz1238,Luzinza,gm,20,0,10
zoee1240,Zo'é,saphon,14,0,12
zoog1238,San Bartolomé Zoogocho Zapotec,ph,28,5,32
zulg1242,zulgo,aa,29,3,2
zulu1248,Zulu,spa,35,3,5
zulu1248,ZULU,upsid,32,0,5
zuni1245,Zuni,spa,44,0,10
zuni1245,ZUNI,upsid,20,0,5
,Djindewal,er,13,0,6
,Modern Aramaic,ea,37,0,8
